GS55553R2BRA;A2199 A1  
032100033H;A2199 A1  
04E115561L;A3499 A2  
GJZZ502M2BRA;A2199 A1  
030109411B;A1999 C3  
GS55545M2BRA;A3699 B5  
032103171D.;A3499 A1  
2Q0698151R;A3699 C6  
032103101K;A2199 A1  
GJZZ107R2BRA;A3699 B5  
030109423B;A9 99 C5  
04E100039M;A2199 A1  
GJZZ250R2BRA;A3699 A5  
JZZ109119;A5 99 A9  
5X0412329;A3499 C4  
04C100034D;A2199 A1  
2QB601307ADRPI;B3099 A1  
GJZZ040R3;A3699 C5  
5U0199167B;A3599 C3  
5U1422055M;B4 99 B2  
04E100033M;A2199 A1  
5U5807417FGRU;A5199 A2  
WHT001865;A3599 B2  
04E905602F;A5 99 A5  
030109243Q;A2299 B1  
5U0807221QKZ3;A5199 A1  
2G0920320E;A3199 B11 
2GY807221GRU;A5199 A1  
2QB601307ADRGY;B3099 A1  
032905409E;A3599 D1  
04C100034;A2199 A1  
5U0805588CGRU;B2 99 D2  
6EC813301GRU;B9 99 B2  
357407182;A3599 C1  
6EA096301A;A3699 A7  
04E145933M;A5 99 D2  
04E109119L.;A5 99 A8  
032103063AB;A3499 B4  
2GP807417GRU;A5199 A2  
JZW698451;A2999 C6  
6EA807217FGRU;A5199 A1  
2GX807417GRU;A5199 A2  
5U0199555E;A1599 E1  
04E103469CB;A3599 A4  
2G5941035A;A3299 A15 
2GY823031GRU;B9 99 C3  
04C100031F;A2199 A1  
6EA096309;A3699 A6  
5Z0721388B;A3599 B7  
5Q0121203DQ;B7 99 B2  
2GK941774F;A3399 A13 
032121026CN;A3599 B2  
5U0823031CGRU;B9 99 C4  
2G1941078C;A3299 C19 
2GP941006E;A3299 B16 
2GP941005E;A3399 B6  
2GP805901C9B9;B4 99 A4  
6EA096150A;A3699 C1  
030103464A;A2399 E2  
6QE721388A;A2399 A9  
04E906027NJ2GM;A1799 B1  
2GP945307A;B5 99 A3  
6EC807417FGRU;A5199 A2  
030198955C;A5 99 A4  
2G5941035D;A3299 A15 
17B941035D;A3299 B18 
1133112951;A1799 B5  
2GP8059019B9;C8 99 A1  
2G5807109GRU;B2 99 D1  
5Z0422893Q;B1199 C7  
5Z0807221ABGRU;A5199 A1  
5WA407365;A1299 C1  
6EA833056NGRU;B4 99 C2  
2GP807221GRU;A5199 A1  
6EA807109B;B2 99 D5  
6EA805588G;B3 99 D3  
6QE721261E;A1899 A9  
5Q0919275BGRU;A4699 A1  
2GP807305;B1 99 C3  
5U7807309A;B2 99 D1  
2QB199315A;B1099 D2  
04E905602A;A5 99 B5  
5U7823031GRU;B7 99 C3  
2GP061500;A3299 E19 
APR807221JGRU;A5199 A1  
0C3315105A;A4699 C2  
2H1422061J;B2799 A2  
04E121605M;A5 99 A7  
5U0823031ACTR;B9 99 C3  
MOBILD1.12;A2199 A1  
2GP941662;A3099 A9  
6EC833055GGRU;B6 99 C6  
036103171;A3599 C7  
5U0711049H;B8 99 C6  
2GP823031AGRU;B5 99 C2  
1SB201511;A4 99 A8  
032906031R;A2099 D2  
2GP601025A041;B2499 A1  
028103171B;A2299 D9  
2GP945095;A3099 A6  
6EA941035;A3399 B11 
2GK941773F;A3299 A11 
WHT003861B;A4699 D4  
03L130277Q;A4699 C3  
2G5601025AFZZ;B2499 A1  
6EA823031CGRU;B4 99 C6  
6EA807109C;B2 99 D3  
5U5813301CGRU;B9 99 B4  
5U0821021BGRU;B1099 C5  
032109101AG;A2999 A8  
6EA807417CGRU;A5199 A2  
032103383N;A1299 B1  
5Z0820411E;B4 99 B5  
2QB601307JRGY;B3099 A1  
5U1422055M.1;B2 99 C1  
5Z4831055JGRU;B4 99 C5  
5Q0501541C;A1399 D8  
2GP805901B9B9;B4 99 A3  
6EA833055NGRU;B7 99 C2  
030103063FH;A6 99 D9  
5Q0698151AJ;A2999 A9  
6EA807417HGRU;A5199 A2  
04E260849J;A5 99 A2  
5U4833055DGRU;B6 99 C2  
2G6959752BEAIF;A2199 D3  
5Z0823031B;B5 99 C5  
80A881105E;B2399 D3  
030103085S;A1799 A4  
041103383;A1599 C5  
05E145933;A5 99 E1  
2QB601307AJRPI;B3099 A1  
17A831055D;B8 99 C1  
5U0807109C;B1 99 C2  
G052182A2;A3699 E7  
2G5823031GRU;B8 99 C5  
030115105S;A1699 A1  
6EC807417CGRU;A5199 A2  
2Q0819644;A4 99 E7  
030198955A;A5 99 E2  
5U0805588ACTR;B3 99 D6  
3Q0907561E;A3199 A13 
5Z0807221QGRU;A5199 A1  
030103485AA;A1899 D8  
2GJ867012GZLS;B1299 B18 
5U7827023CGRU;B4 99 C3  
2GP833055MGRU;B8 99 C4  
3B0121321;A2399 D3  
5U3831056DGRU;B6 99 C2  
2Q0919673;A2999 A3  
WHT003860B;A4699 B4  
036919081D;A3 99 H1  
MOBIL 0W20;A2199 A1  
2GP941005F;A3399 C11 
2QB820411;B4 99 B3  
2GP941006B;A3399 A1  
5Q0819669;A4 99 E1  
2QB915089B;B2799 A1  
032253020K;A1099 A7  
2G5807417A8FW;A5199 A2  
1J0407181;A3599 D2  
02M911021J;A2999 D5  
2GK941036;A3399 A7  
2G5941035B;A3399 A14 
5Z1423057B;B1 99 C5  
6EA601025LFZZ;B2499 A1  
6EC945096B;A3299 A17 
09S927158CQ;A4699 G4  
2QB121251A;B6 99 B4  
2114053171;A1799 E3  
5Q0411315D;A8 99 C1  
2QB919673;A3499 E3  
02T141153AA;A1699 A7  
5Z6807421LGRU;A5199 A2  
JZZ115561;A4 99 C3  
5QM413031AJ;B3299 C1  
04E103170AP;A1699 B1  
1J0121407D;A7 99 C6  
5Q6407271K;B2799 A2  
2GB121203J;B7 99 B3  
5U4833056DGRU;B8 99 C1  
2G5857508C9B9;A2799 E5  
5Z6807421JGRU;A5199 A2  
5U0820803M;A2899 A1  
2G5941036A;A3299 A19 
2G0945207C;A3299 D7  
5U7807421EKZ3;B9 99 A3  
5U0807221KGRU;A5199 A1  
5U7500051J;B1199 C7  
2GY831056AGRU;B9 99 C1  
036103383AF;A1999 D7  
2QB501053AR;C4 99 A1  
2G0821105GRU;B1099 C6  
04E121600DF;A3199 A3  
2QB253059BA;B3299 A1  
5U0199851;A6 99 C9  
5WA407366;A2399 B3  
857407181;A2499 C8  
6Q0407182A;A1799 E1  
2GY941036A;A3399 E11 
N0138158;A9 99 E4  
0309190811;A2199 C5  
2GY941035A;A3399 A12 
04E906036AR;A4699 C1  
1K0407183E;A8 99 C4  
G060175A2;A3699 C3  
5U7807421T9B9;B5 99 A3  
2GM941774B;A3399 A8  
6EC833056GGRU;B7 99 C6  
2GM941773B;A3399 B12 
2G6959752BAAIF;A2299 E7  
032103171D;A1899 B5  
2GP857003DKJ1;B3199 A1  
2G0821106GRU;B1199 C1  
5U7805588AGRU;B3 99 D5  
2GP920310C;A2799 E8  
04C103469M;A6 99 C7  
032109101AH;A2899 B6  
5Z0807221ADGRU;A5199 A1  
5Z0820679;A1799 C4  
2QB413031Q;B2 99 C1  
5G0810971D;B2799 A8  
2QB201511;A4 99 A6  
04E121605E;A5 99 C1  
6EA805705B;B1199 C7  
6EA941006;A3399 A10 
2GP807217GRU;A5199 A1  
5U0820803K;A2699 B9  
030905607;A4699 E3  
5Z0823031DGRU;B7 99 C4  
5U0407152C;B2199 B4  
2Q0199851AE;A3499 B3  
04E129620;A4 99 A3  
6N0412249E;A1799 A9  
WHT003863C;A4699 F1  
5Q0698151AH;A2999 E7  
5U0201153A;A1099 B9  
030103485AC;A1399 E5  
2GY805588;B3 99 D3  
2GK601025AZ31;B2499 A1  
2HT601025CFZZ;B2499 A1  
2QB423510AM;B1199 C6  
04E103464AN;A1699 B7  
5U0615301D;A8 99 C8  
2GP827025CGRU;B5 99 C2  
077103175B;A3 99 A6  
2GP601025EWRN;B2499 A1  
2GP945096;A3399 A2  
5Z0601307LRGY;B3099 A1  
5Z9807417BGRU;A5199 A2  
2GP807221GGRU;A5199 A1  
2QB601307FRGY;B3099 A1  
2QB601307JRPI;B3099 A1  
5Z0823031CGRU;B5 99 C1  
6EA941036;A3299 B7  
JZZ121201;B8 99 A4  
6EA805912A;B2699 A2  
1SB827025BGRU;B8 99 C2  
5U0807221TGRU;A5199 A1  
030105269H;A1299 E5  
5U4831056EGRU;B6 99 C5  
5U7827023EGRU;B5 99 C6  
03F133062B;A4699 A3  
5U5807417EGRU;A5199 A2  
6EA831056JGRU;B7 99 C5  
5U0407151C;B2199 C2  
2QB407625;A2199 E1  
2Q0698451C;A2999 A7  
2H7061162D;B3199 A1  
2GP807421CGRU;A5199 A2  
1SB807417GRU;A5199 A2  
1133112691;A1799 D5  
030115636D;A2099 C4  
5QF501611C;A2299 D5  
2GY831055AGRU;B8 9  C4  
5U0809958;B2799 A7  
1SB805588B;B3 99 C5  
2Q0601307JRPI;B3099 A1  
2QB407625B;A2399 C3  
5U7941005;A3299 B15 
5U0823509N;A2199 D9  
2QB199262B;A9 99 E3  
2QB959655F;A1099 C1  
1S0820803E;A2799 E4  
HAVOLINE DEYRON VI;A2199 A2  
811407181A;A3599 C2  
2H6807217AGRU;A5199 A1  
032906433B;A2599 C6  
2G5827025GRU;B4 99 C5  
030129713BP;B2299 A2  
B000750Q2;A3699 D8  
6EC827025AGRU;B5 99 C6  
113311113D;A1599 C4  
2GP821106GRU;B1199 C1  
2Q0615124A;A3199 C10 
GS60577M2BRA;A3699 D5  
2Q0615123A;A3199 C7  
5GM601025AHFZZ;B2499 A1  
5GM941005D;A8299 C1  
5Z08536719B9;B6 99 B5  
5Z0805588L;B3 99 C5  
2GP807521C9B9;B5 99 A4  
2GM035180A;A5499 E1  
6Q0199851BA;A9 99 C2  
5U0853653E9B9;B2999 C1  
04E906036AF;A4699 C4  
5Z9833055DGRU;B4 99 C1  
5Z0412331C;A2399 D4  
5Z4833056HGRU;B4 99 C3  
5C6823031E;B8 99 C2  
2GK867011ZLR;B1299 B18 
6Q0411314P;A2 99 I10 
2GP8059039B9;B4 99 A6  
2H6129620A;A4 99 D3  
2G6827505B9B9;A2399 B7  
04C145702J;A2899 E5  
2G0853101E2ZZ;B1399 E54 
5U6813301CGRU;B9 99 B1  
6EA096311;A3699 D1  
5NN807421GRU;A5199 A2  
2QB423510AB;B1 99 B5  
09G321361F;A1699 C3  
2GY821106GRU;B1199 D11 
JZZ413031;B1 99 B1  
0261091731;A1899 D8  
6EA941006S;A3099 B4  
377512137;A8 99 B4  
2GY941035B;A3099 B7  
5U0807221LGRU;A5199 A1  
5NN601025LNQ9;B2499 A1  
JZZ819653;A4 99 B1  
2GK857507E9B9;A3199 D8  
2QB407271BA;B2799 A1  
5WF501611;A1299 E4  
6EA096320;A3699 D6  
5Z9411105A;A3599 B5  
6EA805071B;A7 99 E1  
5U7941006;A3399 C9  
04C103064G;A3599 C7  
3CM853630DPJ;A2499 B7  
JZZ129620B;A4 99 B5  
5U0511115AG;A1999 B9  
02M911024R;A2899 D6  
5U4809605CTR;C5 99 A1  
5G6959752EFAIF;A3 99 A1  
2GJ858416D3LB;B8 99 B2  
030145167L;A3599 B6  
030129607BG;B2999 C5  
G12E040R2;A6699 B1  
1J0412331C;A1999 C2  
APR601307GRPI;B3099 A1  
1000029100E;A3699 A8  
6EA845011AA;B3199 A1  
04E906455D;A4699 D3  
377513425A;A8 99 A4  
5U7807863B;B1199 C7  
6EA807417EGRU;A5199 A2  
06K905601D;A5 99 B2  
WHT003862C;A4699 A4  
5QM121203L;B2899 D8  
030121016A;A3499 A3  
APR601307AHRPI;B3099 A1  
2QB915089A;B2799 A1  
5Z0857003ACFJQ;B3199 A1  
GJZZ530R2BRA;A3699 A5  
5Q0959107AA;A4699 B2  
2QB407271R;B2799 A2  
6EC807305A;B2 99 D6  
2GP845011AFNVB;B3199 A1  
2G5853651EBMO;B8 99 B2  
5U6945096D;A3399 A3  
5NN857508AG9B9;A2799 A6  
2QB816002AC;B1 99 A2  
5U0122101;A3499 D1  
5U0407366B;A3599 C5  
2GK823031AGRU;B3 99 D1  
2QB919051G;A3099 A4  
6R0412249;A1 99 E11 
030105263G;A3599 A3  
5Z0941206C;A3399 A9  
5QN615301A;A8 99 C6  
2H5829104EGRU;B1099 C8  
6QE513353;A1799 B4  
1SB807221BGRU;A5199 A1  
5Z0711049AK;B1199 C6  
5U0501611F;A2299 E3  
6EA941006M;A3299 E2  
6EA8059039B9;B2 99 B5  
6QE121367;A1799 A9  
5C1941006A;A3099 A2  
04E127026BH;A4699 A3  
04E115105M;A2899 B5  
04E129709AM;B2899 B1  
5U7805588CGRU;B3 99 D4  
059130090DN;A4699 D2  
5Z3831056MGRU;B5 99 C4  
2G5807221DGRU;A5199 A1  
6EA805911A;B2699 A13 
357413175A;A8 99 C1  
2GK867501RF4;B3199 A1  
5G6827469FFOD;A4699 B2  
5U0821022BGRU;B4 99 B6  
6EA805072B;A3499 D4  
6EC807109;B2 99 D4  
5Q0698451AF;A2999 C8  
2H0821101CGRU;B1199 C4  
2G5853671BMO;B1199 C7  
04E109119L;A5 99 A3  
5Q0129620B;A4 99 D4  
5U0941005D;A3399 A5  
2GP805588C;B3 99 C4  
6QE201511C;A4 99 C4  
2QB407256E;A8 99 C9  
5H0853601NDPJ;A9 99 E5  
6EA805588H;B3 99 C6  
032253020G;A8 99 E2  
2GB121203A;B2899 A7  
5Q0698451AG;A2799 A2  
11533;A3699 A3  
6EA809606AGRU;C6 99 A1  
2G5805588C;B3 99 D5  
2GJ919234WHS;A2 99 A7  
030905110E;A1599 B1  
5U7807142KKZ3;B2899 A5  
5Z0821022PGRU;B1199 C5  
2GY945095A;A3299 C17 
2GP853651KMNT;B5 99 A6  
5Z1941007M;A3399 B11 
06L121012L;A6 99 A5  
5Q0919275CGRU;A4699 F1  
5Z0199167C;A1499 B6  
6EA853651JRYP;B7 99 B3  
2H0821102CGRU;B1099 C6  
5Z0807109DGRU;B1 99 C5  
6EA809605AGRU;C4 99 A1  
17A833055B;B7 99 C3  
5U0807221ABGRU;A5199 A1  
2GY827025GRU;B9 99 C2  
6EA8536779B9;B1 99 B4  
041103085;A2 99 B9  
2GJ853651AFZLL;B8 99 A5  
3B9955985A;A3 99 H2  
5Z6813301JGRU;B9 99 B3  
5Q0198037A;A2399 A7  
5Q0407621F;A4699 A2  
5GM839431J5AP;B1299 B1  
5U7601307ERPI;B3099 A1  
G052164R1;A3699 B8  
2QB959655E;A1499 A1  
04C115105E;A1799 D3  
2G0853677AC9B9;B1099 B22 
5WA407621D;A2999 A9  
5C6807417GRU;A5199 A2  
2QB199555G;A1999 D5  
5U6827025EGRU;B7 99 C5  
2GP920310E;A3199 B8  
7X0721335A;A1399 C1  
6EA941005;A3299 A7  
5Z0853653041;B5 99 B3  
2GJ867011GZLS;B1299 B18 
V04011031H;A2699 C2  
992941572AE;A3199 A12 
2H7853824A;A2 99 E4  
2GP807109RDH;B2 99 D6  
5Z6807421NGRU;A5199 A2  
6EC823031GRU;B8 99 C3  
6EC807217GRU;A5199 A1  
2QB615601B;A8 99 D9  
6R0819653;A4 99 D2  
5Z6807421BGRU;A5199 A2  
5QM407256B;A1299 C9  
2QB601307FRPI;B3099 A1  
2GP821105GRU;B5 99 B1  
5Z0411105AR;A3599 B1  
992941572AG;A3199 B12 
04C109479J;A3599 C6  
1H0412303B;A1999 B2  
2Q0955453F;A1399 E6  
2H6853728GRU;B2299 E7  
5U0807221JGRU;A5199 A1  
2G0853101D2ZZ;B1399 D58 
6Q0411314Q;A1299 C2  
036103464G;A6 99 D7  
6EC945095;A3099 B3  
1S0601025QDM9;B2499 A1  
5U0821021;B5 99 B2  
5Z0807221RGRU;A5199 A1  
2G5601025AWRN;B2499 A1  
2GP807221DGRU;A5199 A1  
1SB853677F9B9;B6 99 A2  
5U5945701;A1999 D2  
N0138492;A9 99 A5  
5U0905851;A2499 D6  
6C1823509A;A1199 E2  
5U7827023CTR;B8 99 C3  
5U7807421AGRU;B9 99 A6  
06H103495AH;A4699 F1  
JZZ413031H;B2 99 C6  
04E129620B;A4 99 B4  
5U0121205D;B2599 A1  
04C129709A;A3199 A18 
2H0127401B;A4 99 B9  
2G5941036B;A3399 B8  
5U0422804A;A1999 A2  
5Z0129620;A4 99 C1  
2QB413031AH;B1 99 B3  
03L198119F;A4699 C4  
5Z6807421MGRU;A5199 A2  
2GP858418AJJOR;B1999 A1  
2GP857705CRAA;A2899 B3  
1SB807417DGRU;A5199 A2  
2QB121251;B6 99 B2  
3Q0959435Q;A4699 B2  
5U0807221ACGRU;A5199 A1  
2H6127401C;A4 99 C5  
5U0407625B;A2399 D6  
2GX807217GRU;A5199 A1  
5U7945096G;A3399 E3  
02E305051C;A4 99 A9  
WHT005651A;A2399 C5  
1J0412319C;A2499 A1  
2GP805903D9B9;B2 99 B3  
2GB121203F;B6 99 B3  
5U0807217AGRU;A5199 A1  
5U6807417ABGRU;A5199 A2  
6EA853671ARYP;B1199 C7  
5C5880201AE81U;A2899 A4  
5U0121253D;B7 99 B5  
6EA807217JGRU;A5199 A1  
2G5071310;A1999 D9  
2GK867012ZLR;B1299 B18 
JZZ109119C;A4 99 E6  
2H6601307DRBS;B3099 A1  
6EA601025Z31;B2499 A1  
032107411C;A2499 D7  
2GP806333AEL7;B1399 B3  
5WA199315F;B2299 C6  
101905610C;A4699 E4  
1SB807417EGRU;A5199 A2  
2QB601307ERPI;B3099 A1  
1S0615301C;A8 99 B2  
2GP071310;A3199 B2  
2GP857003F82V;B3199 A1  
5Q1953521KFIGI;A3199 C14 
5U7941006C;A3299 C11 
04C903023P;A3199 D5  
2G5807217BGRU;A5199 A1  
6EA831055JGRU;B4 99 C4  
3Q0407152AA;B2199 B3  
6EA813301BGRU;B9 99 B4  
2317111553;B1399 D34 
2GY833055GRU;B7 99 C2  
2QB407272BC;B2799 A2  
04E109411N;A1899 A1  
5Z4857706AARAA;A2899 A4  
6EA601025AZ31;B2499 A1  
6R0501541B;A3599 D3  
2G0941661C;A3399 D9  
6EC945093C;A3099 D9  
2H0127401G;A4 99 B8  
5U6827025GGRU;B5 99 C5  
5N1941006C;A3299 A12 
6EA898105;A2799 D3  
04E109675;A1 99 D3  
5C6857706BRAA;A2999 E2  
WHT003247;A9 99 E4  
3114056451;A1899 E3  
04E121119AM;A2 99 B1  
2GY805588A;B3 99 C5  
2QB423810B;A8 99 D1  
1K0412331C;A1799 E8  
5Q6407272P;B2799 A2  
2QB501611B;A1699 A3  
5U0920845;A2699 A9  
1133115311;A1699 C1  
5C0505436B;A8 99 B1  
5U7413031C;B1 99 B2  
1K6955651;A2799 D3  
1S1614105Q;B1899 C4  
6EA827025DGRU;B6 99 C4  
5U5809605BGRU;C5 99 A1  
5U0121073;A1499 C9  
2G5821105AGRU;B1199 C2  
5Q0698151AF;A3199 B13 
5U0422154F;A2899 C3  
2GP853651MJZR;B8 99 B4  
JZZ413031C;B1 99 B3  
2GP857507D9B9;A2799 A4  
2113111011;A1199 C2  
06L115562B;A4 99 C4  
0C3721261A;A2399 C2  
5U0413031AF;B1 99 B2  
032115251D;A8 99 D4  
JZZ413031J;B2 99 C2  
04E906031Q;A2499 C2  
2GP867501EMH3;B3199 A1  
030109145AL;A3499 C3  
06H905601A;A4699 E2  
5C6919275BGRU;A4699 D1  
04E109423F;A1899 C4  
1K8943021;A1899 A3  
5U0513025L;B1 99 B5  
030253041AA;A1699 A2  
2GP853855A9B9;B1899 A1  
2G5807421GRU;A5199 A2  
2GX413031C;B1 99 B3  
2GP853856A9B9;B2099 A1  
2GP827025AGRU;B7 99 C4  
04E145933AD;A5 99 C2  
059198405B;A4 99 D7  
2HH8533472ZZ;B1099 B12 
F1MASTER15W40;A2199 A1  
6EA845011ABNVB;B3199 A1  
5Z0821021NGRU;B1099 C6  
5U0807217CGRU;A5199 A1  
04C103383K;A1599 C2  
6EA941662;A3099 A3  
2GM8548209B9;B1199 C7  
2GP601025AFZZ;B2499 A1  
5U7941007B;A3399 C8  
5Z0601307L;B3099 A1  
2GY941035;A3299 A12 
2GY941036B;A3099 C8  
2G5809605GRU;C4 99 A1  
5U6807417AGRU;A5199 A2  
5Z0853653C041;B2999 B1  
1S0721261J;A2499 C6  
030198955B;A5 99 D1  
2GB121205B;B8 99 A5  
2GK807795GRU;B2099 E4  
2QB816002AE;C6 99 C1  
2GY945095;A3399 A8  
2GY945096;A3299 C16 
5N0821105A;B1099 C7  
5U0121253C;B6 99 B4  
2GY807417A9B9;A5199 A2  
036903018B;A2999 B3  
2GK8075322UC;B2199 A5  
1SB807221GRU;A5199 A1  
5U7821022BGRU;B1099 C4  
5Z1941008M;A3299 A9  
6EA601025BDM9;B2499 A1  
GJZW012R2;A3699 A4  
2GM8548199B9;B1199 C7  
5U0407366A;A2099 E9  
5U3831055EGRU;B8 99 C5  
6Q0823031J007;B5 99 C3  
6EC809606GRU;C5 99 A1  
1SB407761F;B7 99 B6  
WHT003863B;A4699 E2  
2H7839762R9B9;B2099 A1  
5Z0601027K03C;B2399 C2  
7P5941572AG;A4699 D3  
2HH853718GRU;B5 99 A5  
5Q0955559C;A2 99 A3  
WHT003862B;A4699 C4  
2QB407151E;B2199 B1  
5GM945095C;A3099 B5  
2QB411315;A8 99 B1  
6EA941006C;A3299 B5  
5U0853677J9B9;B1199 C7  
5U0941007D;A3299 D2  
2QB906311;A4 99 A2  
6EA807248B;B3 99 B3  
2G58075219B9;B2 99 B1  
5U0919087A;A2799 D5  
030906262R;A4699 C1  
2QB407255E;A8 99 E9  
MOBILD1;A2199 A1  
5Z0501611D;A2199 C7  
JZZ957827;A1899 D5  
2GP853651NMNT;B8 99 A3  
04C906031E;A2 99 D4  
2QB407152E;B2199 C1  
2GM941662B;A3399 C10 
2QB423057E;B1 99 C1  
2GP831055QGRU;B9 99 C1  
5U7807141AA9B9;B2899 A6  
G004000M2;A3699 D4  
5U7823031AGRU;B6 99 C3  
6EA805588K;B3 99 C3  
N10528301;A2 99 B5  
JZZ513025;B1 99 B2  
5U7500051K;B2599 A1  
1K0867388A;A1 99 G4  
5Z0823302H;A1799 B6  
2GP806929DGRU;A1699 A9  
2GJ853651AJZLL;B1099 A4  
6EA813301AGRU;B9 99 B5  
6EA857706CRAA;A1999 C8  
5NN857507AN9B9;A2999 D9  
211501121;A1899 B3  
2GB121407G;A1399 B3  
030107411L;A2499 C7  
2GP941661;A3199 C2  
5QX601307ERGY;B3099 A1  
5U7868409F;B3199 A1  
2QB915089J;B2799 A1  
3250299011;A3699 E9  
6EA941005C;A3399 D8  
5U7407255P;A1299 E6  
030129620K;A4 99 D9  
5U1823531A;A1799 D1  
6QE906517;A1899 C6  
000979009EA;A2099 D2  
MD063-1;B3099 A1  
2GJ860043BUBN;B7 99 A6  
5Z0411105AQ;A1399 E7  
5Z1857522A;A2199 B8  
2G5809606GRU;C5 99 A1  
5U0071126;B5 99 A1  
1K0511353F;A2299 E3  
6EA941005M;A3299 C9  
04E141016H;A9 99 E9  
6Q0411105P;A3599 D4  
2G5853677A041;B5 99 A1  
6EC945095C;A3299 D12 
2GP807421DGRU;A5199 A2  
6EA858417AFREJ;B1599 A5  
5Z0807109EGRU;B1 99 C5  
6EA941005S;A3399 E10 
5Z0845011CJ;B3199 A1  
MD2055517;B3099 A1  
6EA805216A;A1199 C6  
1000019257;A3699 A2  
2GP854940B9B9;B1199 B38 
5U4810609BGRU;B1099 C3  
2GP880204H;A5899 C4  
5U0422803A;A8 99 B3  
2GP806930BGRU;A9 99 C8  
JZZ413031A;B2 99 C3  
5U7945095K;A3299 E14 
3055015412;A9 99 E6  
1SB941016;A3299 A13 
6EA419089PJCI;A2799 B2  
17A807109Q;B2 99 D3  
5U7827023DGRU;B1099 D2  
032107065AF;A2199 B3  
G052172M2;A9 99 C4  
2GK8059019B9;B1 99 A3  
2GK807421GRU;A5199 A2  
04E905612C;A4699 E2  
2GP854950B9B9;B2999 C4  
6EA998002A;A2999 A5  
2GP853651ABUS;B8 99 B3  
2GP853651JJZR;B1099 A2  
6EA845011AG;B3199 A1  
5U5945096P;A3399 B7  
2GY853651EXGY;B7 99 B5  
2QB915089;B2799 A1  
2GK807221A041;A5199 A1  
2H6853653B9B9;B7 99 A6  
N90115201;A2 99 F6  
1SB807221FGRU;A5199 A1  
030145933AC;A5 99 A1  
5Q0919297BGRU;A2399 B2  
2QB199555F;A1499 D5  
2QB601307QRGY;B3099 A1  
5U0853677G9B9;B4 99 B4  
2G5857507C9B9;A3199 C13 
04C103170P;A1699 A4  
5N0820721N;B2099 C7  
F1MASTER5W30;A2199 A2  
3Q0615601A;A8 99 C3  
5NN867211DHXJ;B8 99 A3  
5Z0823301H;A1799 D4  
5U5827505D;A2499 E3  
5U7807221KZ3;A5199 A1  
5Z0199293A;A2699 C1  
1000035501;A3699 C2  
JZZ513025E;B2 99 C4  
6EA853651EZLL;B6 99 B3  
5U7941005C;A3399 A4  
5N0805911A;B2699 A11 
5U0823186;A2 99 E3  
5U0853677D9B9;B5 99 B5  
5U0413031A;B2 99 C4  
5U7955453;B2999 D5  
1000300100;A3699 A8  
6EA945096D;A3099 B9  
1S0407625;A2399 D7  
030105255G;A2499 A9  
5Z0955751A;A1599 A1  
2GP8074268FW;B1099 B10 
5Z4809606MGRU;C6 99 A1  
2GP8536519B9;B8 99 A6  
2QB413031AK;B2 99 C5  
5U0941005C;A3299 C3  
5U7807309B;B2 99 D4  
17A853671F9B9;B1 99 A6  
2QB601027J03C;B2399 D1  
6EA945096C;A3299 D3  
5Z1941008P;A3399 E9  
2H0129620A;A4 99 C2  
2G6959752AFAIF;A2199 C4  
5Z0809958F;B2699 A6  
6EA919491;A2599 C5  
2GP807421GRU;A5199 A2  
2QB423812;A1899 D2  
5U6945095BB;A3299 C15 
6EA857507F9B9;A2799 C9  
2GK807305A;B2 99 D5  
6EC945094C;A2999 E8  
6C0035849H;A2499 A1  
1K1819669;A4 99 A8  
V04010057AF041;B8 99 B1  
6EA419089NYRX;B2299 D7  
2QB615301D;A8 99 E7  
2GK8074349B9;B2 99 B5  
5Z0809957H;B2699 A9  
ZBC498081B;A8 99 C2  
000979034EA;A3 99 B3  
5QX615601D;A1099 E2  
2QB615301E;A8 99 D8  
032129711AE;B2999 C2  
5Q0412249E;A1799 D6  
2H0407271K;B2799 A2  
JZZ698151AH;A2999 B7  
5Q0121367F;A2 99 A3  
2G5853855BZKS;B1699 A1  
5U0199315D;B9 99 C5  
6R0973735;A1799 A5  
5U7501611B;A1099 B5  
2H0407151A;B2199 D4  
030906262Q;A4699 B1  
7P6807489E9B9;A8 99 A9  
G060751A2;A4799 C1  
2GP805588D;B3 99 C1  
1S0820411K;B7 99 B4  
1SB806333EL7;B1099 B17 
2H6407257;B2199 E5  
1SB805588F;B3 99 C2  
5U0845011AE;B3199 A1  
5U7941699;A3099 A1  
1SB941015;A3399 B4  
5N1837015M;A2499 A7  
6R0959801BKZ01;A4699 F3  
6EA807651;B1099 B31 
5U4831721J1NN;B1899 C7  
5Z0955985;A2099 E1  
5Z0201153;A3599 D5  
V04011009MFRPI;B3099 A1  
030107411H;A2 99 F2  
2QB407272P;B2799 A2  
5Z0858071C1FR;B7 99 B6  
22G853630DPJ;A2299 A2  
5Z6807421AMGRU;A5199 A2  
2Q1713023AH;B4 99 B6  
2GP867011AUNR;B1299 B18 
1SB853665GRU;B1199 C7  
04C103063M;A3599 B5  
1J0412249;A3 99 B2  
6EA858417KXQQ;B8 99 B3  
2H5853931;A2499 B2  
04E109244D;A2199 C8  
6EA601025KZ31;B2499 A1  
030103157E;A1 99 H9  
2GP853651ATRYP;B6 99 A3  
2H0419803;A7 99 A1  
2GB121253A;B1 99 B6  
MD327;B3099 A1  
2GP853651CMMT;B5 99 A5  
03H115562;A4 99 B8  
7P6941700E;A2199 E2  
1SB8059039B9;B4 99 A3  
2G0941661D;A3399 A10 
5U7615601;A8 99 C3  
2GP853651BJZR;B5 99 B4  
6V0819465B;A1199 B5  
5Q0407182A;A2199 D8  
1SB809606AGRU;C5 99 A1  
17A807305E;B1 99 C3  
2H0498627A;A1399 A2  
5Q0951221D;A2199 B2  
2GB121253;B4 99 B6  
2GP945208A;A3299 E15 
2GP807221EGRU;A5199 A1  
7P6941699E;A2599 A5  
5Z6807421CGRU;A5199 A2  
G055512A2;A3699 B4  
5U7407256P;A3599 C4  
1SB813301GRU;B9 99 B2  
5U0853677K9B9;B1199 C7  
5U0809957;B2799 A5  
04C141016S;A8 99 B3  
100009565;A3699 A8  
5U0121207B;B2899 A1  
032109101AJ;A2899 C4  
2G5919491A;A2599 E3  
JZZ413031E;B1 99 B4  
5Z0853677B;B6 99 B5  
5Z6827025JGRU;B9 99 C4  
6EA853651H9B9;B1199 C7  
6EA858417KYJY;B2299 A7  
2G58059039B9;B1 99 A5  
5U0821022;B1099 C5  
6EC8536779B9;B1099 A5  
6EA096329A;A3699 A1  
1J0614149;A3 99 B1  
5G0945095M;A3099 D8  
6EA864207ETZY;A2799 B8  
5U6945095AB;A3399 D10 
2QB199262C;A2199 E4  
5U0498099F;A3199 C7  
2G5945208A;A3099 E3  
2QB601027D03C;B2399 B2  
D378500A2;B1299 D1  
5NN845042MNVB;B1999 A4  
377937503A;A2099 E4  
2GY601025BWRN;B2499 A1  
5NN8538352ZZ;B1399 E46 
2QB513049L;B1 99 B3  
2G5823509;A4699 B3  
5Z6253025S;B2999 A1  
2GP8075219B9;B2 99 B4  
100001947A;A3699 B2  
1K5955651;A2199 B4  
06A103385A;A1 99 C1  
5Q0513353H;A2399 A8  
JZZ698151AE;A2999 D7  
2H6698151A;A2899 B4  
032105101AC;A8 99 D6  
1SB941016F;A3299 A16 
7X0122101A;A1499 E3  
2G0863831;B1299 C3  
2G5807305;B1 99 C4  
3Q0980121AQ;A2399 D1  
04C133201AB;B2099 A2  
5Z0941007A;A3299 A6  
6Q0821106E007;B1199 D11 
6EC880741E;B7 99 B1  
032141016E;A8 99 C5  
000979025EC;A9 99 C1  
ELAION5W40;A2199 A1  
3CN945087;A2899 D7  
5U7807421HGRU;B9 99 A4  
5U0807221QGRU;A5199 A1  
2GP905855Y;A2499 E6  
17A821105A;B1099 C6  
5U0943021;A2399 C1  
5U6945096AF;A3099 E2  
1SB8536779B9;B1199 C7  
04C129620D;A4 99 C5  
032133062C;A2299 A9  
5W0419809;A2 99 E8  
5Z0807421CGRU;A5199 A2  
032145276;A1899 B1  
02T301215A;A1899 C1  
5U5945105;A3499 A4  
04C133317P;A3199 D11 
5Z0129607J;B1 99 C6  
6EA8075689B9;B1199 C7  
5H0853601MDPJ;A2499 E2  
1K0407182;A1 99 A7  
2H0413031N;B1 99 B1  
5U7601025AZM1;B2499 A1  
2GY601025BFZZ;B2499 A1  
5U7919673;A1999 A7  
5GB807417GRU;A5199 A2  
2GP805911B;B2799 A11 
2G58677697T8;B4 99 A6  
5U0803092AGRU;C7 99 A1  
030109127AE;A3599 A7  
7H0819631;A4 99 C2  
5U7945096H;A3299 B13 
5U0422893K;B1899 A2  
2GM941661B;A3299 D15 
6EA945095E;A3399 E4  
5Z0803092PGRU;B9 99 C6  
2GX853651A9B9;B7 99 B3  
04C103464G;A2099 B7  
030133062H;A1999 A1  
N91057901;A2 99 E6  
2GX615301;A8 99 C7  
5Z0413031AE;B2 99 C3  
2G5817101GRU;C7 99 A1  
6EA945095C;A3299 C6  
2GP880741E;A3199 A10 
2GY857508B9B9;A2799 B3  
2Q0511351B;A1899 A3  
5Z0941008A;A3299 B11 
1JE941016L;A3399 D11 
3C8898201E;A1099 B4  
5N0199262F;A6 99 D8  
6EC8538412ZZ;A1499 D4  
2QB513049E;B1 99 B2  
2Q0959653;A4699 D3  
2QB513049G;B2 99 C4  
2GJ821105B;B1199 D6  
N90288901;A9 99 A4  
2GY857507B9B9;A2799 C2  
5U7061205;B8 99 A2  
2G5880201KXEA;A2899 C5  
2Q0411314C;A2 99 B4  
5U6945105;A1599 A9  
3G0867912L5AP;B6 99 A5  
3G5867913L5AP;B1899 A5  
2GK807796GRU;B2099 D5  
6EA601025M041;B2499 A1  
7P68074909B9;A2699 A5  
WHT000884;A1 99 C1  
2GY853651FQWA;B8 99 B2  
5U7809962C;B2699 A9  
5Q0407183L;A2399 D1  
5U0845011AD;B3199 A1  
0803111231;A2299 B5  
6EA857508F9B9;A3199 C3  
2QB919051L;A3199 E12 
2GJ955453;A3199 D13 
026109119D;A5 99 E1  
6RF412319;A1899 D9  
2GY945096A;A3099 D8  
1S0407615A;A2199 E5  
5U0601147LZ31;B1799 C2  
5NN853102GRU;A1299 D1  
2Q4959406B;A3199 A13 
MD245-6;F1 99 F1  
6EC827705C9B9;B1899 B4  
5U7807141PGRU;B2899 C8  
04C905607;A5 99 B3  
1000034550;A3699 E2  
2G5807421AGRU;A5199 A2  
2GY813301GRU;B9 99 B6  
2Q0941828E;A2599 B6  
1SB807109F;B1 99 C4  
6EA807863;B1099 B24 
6EA807248;B3 99 B2  
02T409343E;A3199 E13 
2G0853860B9B9;B9 99 A1  
1S4853372B82V;B5 99 A5  
6EA810971E;B2699 A3  
1SB853665AGRU;B1199 C7  
V04011009BNRCO;B3099 A1  
2GY601025AFZZ;B2499 A1  
5Z0820744C;A1099 C9  
2G08536872ZZ;A1 99 F11 
5Q0413175C;A8 99 B5  
1J0955665C;A3 99 D2  
0815171211USI;A2599 D11 
5U0805903CEL7;B1199 C7  
2GX807439;B3 99 B5  
1S0121253AD;B7 99 B1  
1SB807417AGRU;A5199 A2  
5Z0941007C;A3299 B10 
2H0422831;A8 99 B2  
2GJ839016B;A2599 B5  
5Z0601147PYSW;B1799 B3  
2H1941016L;A3099 C4  
5Z0853671DEDW;B8 99 B5  
5U0035849C;A1799 A4  
1K0201051K;A4 99 A5  
2GP806333C8FW;B1099 B15 
211843604J;A1399 B6  
5U0853653EBUS;B8 99 B5  
2H6698451A;A2999 B1  
1K0253115AB;A3 99 D1  
N90856001;A9 99 B4  
2GJ8548199B9;B1599 F1  
5QF413031AR;B3299 B1  
1133115512;A2099 D3  
03L109611;A2599 E3  
032109121K;A1399 E3  
2GP867211AOEK;B6 99 B1  
2QB881106;B1099 C3  
5U6807417DGRU;A5199 A2  
7L0129620A;A4 99 A1  
04E145299N;A9 99 C6  
06D115562;A4 99 A5  
5U0880201ALHVF;A2799 C4  
000979246E;A8 99 A3  
5U5827505B;A1 99 I8  
5U1419501BA;B2899 B7  
6EA837017;A9 99 A2  
6EA864207FUFU;B1899 A7  
WHT001386;A2399 D7  
04E905110Q;A2099 B6  
1J0512149B;A2 99 F3  
1K0947109TR2;A2399 D8  
5U5945095AB;A3399 D7  
2GM853687A2ZZ;A3 99 G2  
5Z0821021G;B1199 C5  
1K0407183P;A1899 C4  
5U0407615;A6 99 B6  
6EC853651CRYP;B5 99 A2  
04E103170AE;A2199 D1  
7N0819465F;A1799 C5  
000979054EA;A1 99 F11 
5Z6827505AL;A2099 E5  
6X0827499F;A3 99 C1  
5H0853601DDPJ;A2299 E6  
1SB805903J9B9;B6 99 A4  
2GP857706CRAA;A2799 B2  
2GP857706ARAA;A5799 E2  
5Z0949101;A2199 A7  
5Z0601027H03C;B2399 C2  
1S0601027E03C;B2399 B1  
JZZ109119B;A4 99 E9  
5U0121109B;A1299 E7  
377199382E;A1899 E1  
2GP807417AGRU;A5199 A2  
2Q6813116GRU;B1099 D3  
06L903137A;A5 99 C3  
2QW953513CIGI;A3199 D14 
5QM412331A;A2299 D1  
5U0805584E9B9;A1599 B6  
2G5857807RAA;A2999 C8  
2H6809961A;B2699 A12 
6EA615424;A2799 A2  
5U6827505B;A2599 D4  
2QB199262A;A1999 E1  
04C133352BH;A1399 B1  
2G5821106AGRU;B1199 C4  
03L903137AC;A5 99 A1  
5Q0513029EN;B1 99 B3  
2GJ8548209B9;B1599 E5  
5U5945096Q;A3099 C5  
04E906262ER;A4699 D2  
6EC807439;B3 99 B6  
030109127Q;A1599 D8  
5U0711113AAYHO;A2399 A1  
3Q0698451M;A2999 B7  
0GC325183D;A2299 B2  
059903137CC;A5 99 D1  
04C903023G;A3199 D12 
6EA919494C9B9;A2 99 D11 
04E109611BP;A2299 D3  
2QB698151C;A2999 E7  
06K133317AA;A4699 D2  
06K905601B;A5 99 B1  
1S0601025BK041;B2499 A1  
030109145AJ;A1699 E5  
5Z0809961H;B2699 A4  
04E145673F;A3199 C11 
1SB941015E;A3099 E4  
059103085L;A3 99 B2  
6EA096320B;A3699 E3  
1SB035453;A2199 C4  
5GM8059159B9;B1199 A5  
5U0820721D;B2099 D6  
2GP867211OEC;B8 99 A5  
030109121P;A1999 E2  
5Z0698151B;A2999 D7  
04E145933AL;A5 99 E6  
2H6129620C;A4 99 E5  
059129796J;A2 99 A6  
2G5805911B;B2699 A12 
5U0121201B;B6 99 A3  
5W0601027C03C;B2399 B1  
2QB407615A;A1099 C6  
N91128701;A2 99 B7  
2G0941661A;A3099 B8  
04C103483C;A1699 A8  
6EA853651DRYP;B6 99 B2  
N91020301;A2499 B4  
5U7807221GRU;A5199 A1  
06A919081J;A3 99 G5  
6Q0955453P;B2899 C6  
6EA805705D;B1199 C7  
1000073301;A3699 D2  
5Z04196691NN;A2099 B1  
5F0807210;A3 99 E1  
5U0615301E;A8 99 C4  
5Q0412545D;A2099 D2  
N0177252;A1 99 B4  
N10196103;A2499 D5  
2GM955453B;A1899 B8  
6EA601025041;B2499 A1  
5U4833721A1NN;B1899 D4  
357853586D;A2 99 E2  
04C121064B;A2099 B5  
5U7807421EGRU;B9 99 A2  
6EC945094B;A3099 E8  
JZZ905106;A4699 C3  
5Z6827565J1NN;A2499 D6  
5Z0407256BA;A1499 E4  
WHT010085;A1 99 H8  
5U0805903BEL7;B1199 C7  
5L6857607MY20;A1 1  A1  
1S0711049G;B1 99 C1  
6RD411315;A9 99 B1  
1S0919275CGRU;A7 99 C4  
2QB915089G;B2799 A1  
5Z1941006;A3299 B14 
1JE945096F;A3299 D14 
5U7827565MK1;A1399 C2  
5U0413031AE;B3299 D1  
6EC945093;A3099 C7  
5U0941006D;A3299 A14 
2GP806333B8FW;B1099 B7  
1K0407182F;A9 99 C4  
5U7945096;A3099 C2  
5W4831721A1NN;B1899 B6  
6EA035710;A2799 E1  
036907601E;A2399 E9  
000979046E;A1 99 B3  
5U7511115G;A6 99 E9  
JZZ698451AE;A2899 B8  
000979041E;A2299 C1  
5QF412303;A2399 C7  
JZW998003C;A2999 B4  
5Q0411315A;A2299 C4  
2H0615301D;A8 99 D2  
5U0601147R8Z8;B1799 C5  
2GJ837249A;A2399 D8  
5U7807141KKZ3;B2899 A8  
1SB809962;B2699 A3  
7P6955104A;A2399 A2  
5U5945094C;A3199 B6  
17A805912E;B2799 A9  
5Z0819415;B1199 C7  
2G5853856BZKS;B1199 A3  
1SB809961;B2699 A4  
1S6853601B739;A2499 E7  
030253039L;A1799 E7  
5U08536539B9;B5 99 B5  
2G5827699A9B9;B1399 F22 
6EC827566B;A2 99 H1  
WHT005829;A1 99 G2  
04E129712BC;B2899 B8  
1000 028 301;A3699 E4  
030109111G;A1299 D3  
MD046-1;A3699 C3  
1000 029 100E;A3699 C9  
8E0260749C;A9 99 A4  
2GK8075312UC;B1399 B1  
WHT003857D;A4699 D4  
WHT003856D;A4699 D2  
06A115561B;A4 99 C7  
2GJ857805RAA;A3199 A6  
6EA867501APD6;B3199 A1  
5U0407271D;B2799 A2  
6Q0810680C;A1899 B2  
6EA806930A;A1999 D3  
1S0823363F;A2199 A2  
04E105269D;A9 99 D1  
5U1941007C;A3299 C14 
5U0809958D;B2799 A4  
5Z1721465C;A1099 C7  
2GP827577FOD;B6 99 B2  
2Q0411314;A1 99 H5  
2G0857551FSX4;A2999 C1  
07K905715G;A4699 A1  
1133115711;A1899 E2  
04E198401AH;A7 99 D2  
2G5807417A041;A5199 A2  
1J0973702;A1 99 C11 
2GJ857739MNB;A2299 B4  
JZZ698151AG;A2999 B6  
6R0412341A;A1 99 A5  
032129620B;A4 99 E4  
2QW803501GRU;B1099 C4  
6EC867501DPD6;B3199 A1  
5U5945094B;A3099 D7  
561853600ULM;A2299 B4  
07C133588P;A2 99 I3  
6EA805915A;B1399 E13 
2GP853651P9B9;B7 99 A6  
2Q0825201C;B9 99 A6  
5NM857537GRU;A2899 C2  
5U0853685B;A2 99 A5  
2GY8059019B9;B2 99 B6  
3G5898803;A2299 B7  
5U0853666G9B9;A1199 E1  
7L6601173A2ZZ;A2599 D1  
6EA941006B;A3399 A1  
2GX501611;A1499 C2  
2GP860025AKW1;B1299 B4  
N10529501;A1899 B6  
2H0407021B;B2199 D6  
5C0129620;A4 99 B9  
5QM511121P;A3599 B3  
5U4857705MHCP;A3199 B10 
2G5807305A;B1 99 C5  
6EA805912C;B2699 A7  
2H0853675F2ZZ;A1 99 A6  
2GP807863;B1199 B17 
5U5867501PPD6;B3199 A1  
1SB880201L81U;A3199 B7  
032998905;A4699 G1  
5U7941700;A2899 E1  
8V0862159B;A1 1  A1  
5U0407365A;A1899 B4  
5U6945106;A1499 A2  
N10724401;A2499 D5  
5J0804181;A1 1  A1  
5U0820721C;B2099 E5  
2G58549399B9;B1399 B38 
6Q0121367A;A1999 C1  
6EC813320GRU;B1999 D4  
V04010036J;A2499 D2  
6EA8057959B9;B1399 B4  
5U3857706FHCP;A2799 B4  
2G6813309GRU;B1099 B35 
1SB601149JZA;A2599 D4  
5U7864103A9B9;A3 99 A6  
6N0412303A;A1899 D3  
6R07211749B9;A1 99 H11 
2GP857508D9B9;A2999 E9  
N91004001;A2499 A2  
AMV18820003;A4799 A1  
2G0821136GRU;A1799 A7  
1S0501611B;A9 99 A1  
5U7601147B5KT;B1799 C1  
1SB853665KGRU;B1199 C7  
03L115562;A4 99 D6  
5Q0885681N;A3199 A10 
2GK853665041;A1599 C2  
7L6827045;A2499 A3  
03L109119E;A5 99 B1  
2Q0121321A;A2299 A6  
2QB199851C;A9 99 E3  
032103607;B2999 B2  
2G5807651A;B1199 B47 
1SB857705BRAA;A3199 A8  
2QB411105AJ;A9 99 D3  
17A837016;A2299 C7  
6EC863919B;B3199 A1  
2GK853666041;A1899 A9  
1JE698649A;A1 99 B10 
5QX601307RGY;B3099 A1  
6EA857705CRAA;A2999 B1  
5Z0422887E;A1599 D2  
5Z4857705ADRYV;A2899 D1  
N10320102;A2099 D1  
V04010036B;A2 99 E1  
5Q0199855AD;A6 99 A9  
5QX601307RPI;B3099 A1  
2GP8533312ZZ;A1499 B6  
5U0853653K041;B2999 D3  
0BH325183B;A9 99 B9  
D004660M4;A3699 B7  
2GK8399125AP;B1899 E6  
6EA867501DPD6;B3199 A1  
6EA857537AGRU;A2799 B5  
D154103A1;A3699 C7  
1SB498099;A6 99 B1  
2GP854949B9B9;B1899 E2  
6EA823661A;A1 99 E1  
1SB807393;A1399 B4  
5U0601147BYSW;B1799 C6  
5U0853764C2ZZ;A2599 B4  
3G0853334A3Q7;B1399 F4  
G052940A1;A1 99 D3  
6EA837462;B2999 D2  
04C129611K;B2299 E4  
5Z0853653B041;B6 99 A6  
2QB919673A;A1899 C8  
2G5863919;B3199 A1  
6EC853677A041;B7 99 A2  
6EC853651EJIF;B7 99 A3  
06J260849F;A5 99 C1  
2QB820411A;B8 99 B4  
6Q5807417BGRU;A5199 A2  
2G5805903A9B9;B7 99 A4  
6EC853677B041;B7 99 A6  
5Z0831402;A1899 A2  
100002212A;A3699 B3  
5U6945096Q;A3099 C9  
04E905199G;A2 99 E6  
04E109601AN;A1899 A8  
WHT004899;A1 99 I1  
JZZ513025D;B2 99 C5  
6X0012243;A2 99 F3  
2GY867011CDPZ;B5 99 A6  
5Z0998052C;A2899 A2  
3B08372119B9;A1 99 D9  
2GP807724;B1499 C2  
6EA845297NVB;B2199 D5  
2QB501117A;A2199 C3  
1S0121253AN;B4 99 B4  
8K0860251B;A1099 A6  
G600200R2BR1;A3699 C4  
5Z0805584B;A1599 E4  
3G5827507;A2199 E5  
6EC863459B82V;B1099 B13 
000979025E;A9 99 C4  
2G5880741D;A2799 E2  
5U0819707ZE6;A3 99 B1  
2GP061163;B1099 A2  
5WA423810D;A9 99 D6  
WHT003857C;A4699 B3  
5U0805584J9B9;A1099 D7  
2H6807490E9B9;A3199 B17 
5U7945095;A3099 D4  
000979942;A1799 A7  
2GP8533332ZZ;B1399 F6  
321512333;A1799 A5  
5U0805583J9B9;A1499 A8  
6EA096309A;A3699 E1  
N0150818;A2499 C3  
1S08231869B9;A1599 D4  
04E129712B;B2899 B4  
02T409189N;A2 99 H2  
1SB845051DNVB;B3199 A1  
5NN867085HR9;B1399 E3  
N91264601;A2099 D4  
2G5813301AGRU;B9 99 B4  
2GP845213D5AP;B2999 D7  
5U0601147PZ31;B1799 B2  
5U78536779B9;B6 99 B4  
1SB805903A9B9;B5 99 A2  
5U7809957A;B2699 A6  
5U0035209;A3 99 E1  
N10867601;A9 99 D4  
1K0698137A;A4699 D2  
101905625;A4699 E3  
2GM927132WHS;A1299 C4  
06H103483C;A1799 B4  
GS55167R7BRA;A3699 D4  
5U6845051L;B8 99 C6  
N90799102;A2499 D4  
V04011009JDRGY;A3099 A1  
5Z0853653J041;B7 99 B5  
6EC807568A9B9;B1199 A4  
6EA820045AQHU;A2999 A1  
2GP95542703C;A1999 B3  
5U0820021B;A2899 B6  
5U0853601D2ZZ;A2399 B3  
6EA845025A;B8 99 B6  
6EA867011DEAZ;B8 99 B5  
5C6863459A9B9;B5 99 B6  
8W0857607AY20;A2299 C3  
5Z0422884;A2599 B4  
1SB941016A;A3299 E8  
N90908102;A1 99 I4  
6EA807305A;B2 99 D4  
04C133201K;B2899 C7  
5Z0955409;A3199 D6  
5Z6945096J;A3099 B1  
JZW998003D;A2999 B5  
1SB941015A;A3299 C5  
18D941700A;A2999 A2  
6EA805911C;B2699 A10 
7M0422999;A2 99 A8  
5U0820721J;A8 99 A1  
2G5807248;B3 99 B4  
5Z0998002B;A3199 B1  
2G5880204D;A2999 B1  
5U7807142AA9B9;B2899 B6  
2GP8531022ZZ;A2099 C3  
5U0880204H;A2999 D4  
030115611AA;A2999 D1  
5C6805911P;B2699 A12 
JZW615601F;A8 99 B7  
N90808801;A2499 D4  
2GK8075682UC;B7 99 B2  
2H0821809G9B9;A1699 E9  
2GK8072579B9;A1399 D4  
6EA839885A;A3 99 B4  
6EA845051Q;B8 99 C6  
5U0853677H9B9;B5 99 B6  
5C6805911N;B2799 A6  
036109651A;A2599 C2  
5NN88186182V;A1099 A2  
5U0853653F041;B6 99 B2  
5NN853101D2ZZ;A1899 D1  
1K0121407F;A1299 B9  
APS598625;A2499 E6  
6EC807248;B3 99 B4  
2G5945105;A2399 C8  
2H6129620;A4 99 B2  
1SB6011478Z8;B1799 D2  
101905609;A4699 E1  
2QB129509;B2299 B4  
5Q0412331E;A1399 B6  
V04010104;A2699 B7  
5U0853665P9B9;A1199 B9  
2GX601027D03C;B2399 C1  
030129717F;A3 99 C4  
2GP8531012ZZ;A1399 E1  
06K103583;A2099 C3  
6EA8536012ZZ;A2199 D3  
2H0422405;A1799 E8  
3C8857537GRU;A2899 D2  
3Q0955455;A1999 A4  
2G5810624GRU;B9 99 C6  
6EA096305A;A3699 B1  
N91201301;A3 99 A1  
4H0951253C;A1 99 H1  
17A827505;A2299 C9  
5U0711303Q9B9;A1599 B3  
WHT005363A;A1 99 C2  
04C103383AB;A1099 C7  
2G0821111A;A1299 C1  
5U0853677CTHY;B5 99 B4  
5Z0601147QBJW;B1799 B1  
3G082353382V;A2399 A1  
6Q0407366M;A2499 D8  
5Z9827550A;A9 99 D8  
1K0412303AA;A2299 C4  
2GM962125WHS;A2299 C6  
059103631D;A1 99 F3  
2GT601147Z31;B1799 C2  
6N1941531H20H;A3 99 F4  
1JE945095C;A3099 C1  
1K0201550AR;A3 99 J2  
6EA945095B;A3099 E4  
2GP867769AUV6;B1099 A4  
5U7831721G1NN;B1899 E4  
2GK807161;A1099 C9  
1S0601171FOD;A2099 E6  
5Z0821021QGRU;B1199 C3  
5Z0831401;A1899 B4  
5Z0407255BA;A8 99 E6  
2GP857521;A2499 B8  
04E103175;A3 99 G1  
06J260849D;A5 99 A1  
1S0407151A;B2199 B1  
1S0199555E;A9 99 B1  
2H1837016G;A2499 B9  
5U78055849B9;A1499 E4  
2GP853101A041;A1699 E9  
6EC805588;B3 99 D2  
6EA837205JGRU;A2399 A4  
6EA837206JGRU;A2599 B4  
5U0121156;A1899 C5  
04C906262H;A2399 A3  
17A8538559B9;B1799 A7  
2H6809962A;B2799 A10 
2G0853665C9B9;A1099 A5  
377412503AG;B1 99 B1  
2QB601027C03C;B2399 D2  
06H109509P;A2 99 A11 
06H109467BA;A1 99 C1  
JZZ998002D;A2899 D8  
3C0853586;A1 99 B7  
5X6827025B;B9 99 C2  
6EC919491A;A2 99 E9  
8Z0820535;A1 99 G5  
5U0807184A;A1799 E5  
2GK805588A;B3 99 C3  
2GJ823535B;A1099 D9  
5Z6827505AM;A2199 D8  
5U0711303P9B9;A1199 D7  
2G58548209B9;A1899 D2  
5QX615301C;A8 99 E8  
2GK807049;A2199 E4  
5U0955113;A3199 E11 
6EA945096B;A3299 B12 
6EA919493A;A1 99 F9  
D000703A1;A3699 D7  
5NN8547319B9;B1299 C1  
1SB807568A9B9;B1299 A1  
6EA823301;A1399 C3  
2GP858855B7T8;B8 99 A3  
5Z09598581QB;A1 99 J3  
5NN868837RM5;A2899 A6  
5M0955985C9B9;A2 99 F5  
2H6133798A;A1399 D5  
6EA601147CZ31;B1799 E1  
5U7853653A9B9;B8 99 B1  
5U0980611;A4699 C3  
N10724402;A2 99 A7  
04L130216;A2 99 B7  
101905622A;A2599 A5  
1K0513353H;A1499 C4  
5U18194041NN;B5 99 B4  
2G5853651MADQ;B7 99 B4  
6EA863241EQSV;B7 99 B1  
2GP881805NZME;B1999 E3  
2G5941654;A8 99 B8  
JZW201511;A4 99 D5  
5Z0199294A;A9 99 B7  
2GP837440G5AP;B1299 B3  
2GP823301A;A1299 B5  
1J0601171XRW;A2499 C2  
6EC919491;A1 99 F11 
6Q0971235B;A2299 C6  
7L6919311;A1 99 J11 
2H0407615B;A1599 B1  
6QE827550;A9 99 B8  
6EC827933041;B7 99 B5  
6EA853630ADPJ;A2 99 C3  
2G58536872ZZ;A2099 C5  
5Q0253725G;A2599 E4  
2H0411317B;A9 99 E2  
5U6827505C;A2099 A1  
6EA810971B;B2699 A11 
5Z0949102;A2099 E9  
1SB201553A9B9;A2499 D2  
6EC945096;A3099 A8  
5Z0853671EPWV;B5 99 B6  
N0177535;A9 99 E4  
5Z9945095H;A3299 A19 
06A103663C;A1799 C3  
032103493AA;A1399 E1  
N10240003;A1 99 I9  
2G0998015;A2 99 D6  
5U0941008;A3399 A9  
6EA071310;B1299 C16 
2G5845298ANVB;B1999 D2  
04E129611AB;B2899 C1  
032133329L;A1199 B5  
5U0853763C2ZZ;A1699 B9  
5U0853653J9B9;B2999 A1  
6EA813319GRU;B1899 C2  
2GP998002B;A2899 A7  
6EA837439A5AP;B1399 A3  
6EA819728AQHT;A2799 C8  
2QB407183;A2 99 F3  
5U7853535FBAJ;B2099 E3  
5U7853630AOLP;A2499 E6  
04C129620A;A4 99 E8  
5G0857561B82V;A1 99 A4  
5Z6827550E;A9 99 A8  
2GM853687B041;A2399 D8  
5GM955453;B2999 A4  
5U72015539B9;A1999 B3  
5U4810610BGRU;B9 99 C6  
6V0805615;A1899 C2  
06M998907;A2299 D4  
3A0867201H;A2699 B1  
2GX857706RAA;A3199 A2  
5U0853665K9B9;A1199 B7  
5Q0885682M;A2099 E9  
2QB423811;A2599 C1  
D181650A1;A1 99 B10 
6Q0512131B;A2099 B2  
2GK845025;B8 99 B6  
2QB721261B;A1299 C5  
2GP845201A;B8 99 C6  
2GP863463A7T8;B1299 B2  
5U7853502E9B9;B1999 B2  
5Z0601147MYSW;B1799 B6  
823711813;A2099 C5  
7X0121101B;A1399 E4  
2GX805071A;A1399 A2  
5U7201511B;A4 99 B6  
2GM955993;A3 99 B6  
V04010036;A2 99 C9  
1SB807183;A1 99 G9  
5U5945095B;A3099 A5  
6EA810972E;B2699 A7  
6EA945105;A1499 C5  
8Z0820535B;A1 99 C3  
2GT6011475KT;B1799 B4  
6EC8059039B9;B8 99 A1  
HAVOLINE 15W40 SL;A2199 A1  
04E115111D;A2 99 B8  
5U0807183A;A1799 D4  
5U0121407B;A3599 B4  
5NA839113FUBN;A2199 A6  
03C133073D;A2 99 E10 
1SB945095;A3299 C18 
2GP949102;A1099 B5  
5Z0853651QDRX;B8 99 B2  
1H5863849A01C;A2499 E5  
5GM010000CL;A1 99 B11 
030105255P;A2399 C4  
G052750A2;A3699 D7  
2GJ95542503C;A3199 A1  
N91084501;A3 99 F1  
6EA863241J82V;B1099 A4  
2G5807050B;A1599 B9  
2QB011031;A2799 E8  
036115251AJ;A1499 E1  
1S0412331;A2099 D7  
5G0857561BY20;A1 99 B3  
1J0803219;A2 99 G6  
5WA915418;A1599 B5  
5U5945106;A1499 B3  
5U0805583E9B9;A1399 D6  
1S0823301;A1899 A5  
2QW953513EIGI;A2999 A4  
1K0407357C;A1 99 A4  
000979940;A3 99 I1  
5U1941006;A3199 B16 
N90974701;A1 99 A9  
2GK8072589B9;A2499 E9  
2Q0951221;A2899 C5  
5Q0129646A;A2 99 F5  
6EA810972D;B2699 A3  
6EA845201A;B8 99 C6  
JZZ129620F;A4 99 E2  
030129620L;A4 99 A2  
5U4837330H;A2699 A6  
6EA837439C5AP;B2099 A4  
1SB035710;A2299 B9  
6EC821105GRU;B1199 C2  
7L0422379;A1 99 A2  
2GY857508A9B9;A2799 A3  
2GP919494;A2 99 I5  
2G5919493A;A1 99 A11 
6QE919051D;A2899 C1  
1SB8372053FZ;A3 99 A7  
2H0598285;A2299 A8  
6EA837249B;A2099 B3  
5U6813320AGRU;A1399 C4  
2114051011;A6 99 B6  
2GM998226;A2599 D2  
17A94710982V;A2399 E1  
377809962A;B2799 A10 
2G5853601DPJ;A2399 D5  
02T945415P;A2599 D4  
1000104500;A3699 E8  
6EA823302;A1299 B2  
5U6853501B9B9;B1599 D2  
N10628301;A2099 A3  
5U0609617A;A8 99 D7  
7P0810773F;A1299 D2  
02A141777B;A1899 B1  
G052112A3;A3699 B7  
02J409189E;A1 99 D10 
2G1959839BUPA;A1 99 I1  
17A807724C;A1999 E4  
2G5805911;B2699 A7  
5U6945095P;A3299 D17 
2G5853677C041;B1099 A6  
6EC807863;B1199 B15 
6QE609617;A1299 C4  
N10424902;A3 99 J1  
2Q0513425;A2599 A1  
V04010037F;A2699 A7  
V04010057EC9A;A2699 D8  
0261052554;A1099 D4  
5Q0129646;A2 99 D8  
5U0809961D;B2699 A8  
5U6827550B;A9 99 C9  
5U5853687B739;A3 99 H5  
1SB806333BEL7;B1399 B5  
5U5807393A;A1599 C2  
5Q0121070BR;A1699 C4  
1SB805903K9B9;B1 99 A4  
6EA85710182V;B1 99 A1  
6EA853688CFOD;A1799 B9  
5U7806214GRU;B1999 B4  
6EA857507E9B9;A2799 C7  
03090599912;A5 99 C5  
JZZ129620M;A4 99 A1  
5U0601155FZ31;B1799 E1  
6EA857522;A2299 C9  
1S0010008F;A2 99 H2  
5WA915418A;A1199 D9  
5Z4837402D;A2899 E3  
6EA805903B9B9;B7 99 A2  
N0138487;A9 99 A4  
1S0823302;A1899 D4  
5U5807439A;B3 99 B6  
5U6945095D;A3299 D4  
2QB199851E;A1099 C6  
8S0823509B;A2499 C6  
377129620;A4 99 A4  
2GP853688DFOD;A2099 A4  
041906433A;A2399 B5  
2GP8074258FW;B1099 B26 
3A1955425;A2999 C1  
WHT005302;A1 99 B2  
2G7955427;A2999 B2  
2H0853675G739;A2399 D8  
04C906262F;A2199 C1  
WHT007089;A3 99 D6  
5Z0853653HBUS;B6 99 B1  
6Q0201511;A4 99 C8  
5U6945096P;A3299 A14 
5U0823509H;A2499 C9  
6EA853677B9B9;A1699 D6  
2GJ854949A9B9;B1599 D3  
5U7805115GRU;B9 99 B6  
5Z0821142A;A1299 C4  
06K103649J;A2 99 D3  
2G7955453A;B2299 D6  
5U0805584K9B9;A1199 B4  
2G5880242E;A3199 A12 
2GP807425041;B1199 B3  
1K0253141F;A2199 C7  
JZZ698151AK;A2999 D2  
377809961A;B2699 A3  
5U7945096F;A3399 B8  
5U7945095F;A3299 A18 
032905430M;A1899 C3  
6EA805915;B1399 D30 
WHT002482;A1 99 F1  
N10552404;A3 99 I5  
2GX6011475KT;B1799 E2  
N90915802;A2 99 F11 
6EA839462;B1999 E1  
6EA919493;A3 99 H1  
6EA839167DGRU;A1 99 C3  
5U0857551N2F4;A2799 B9  
N91168901;A1 99 B11 
JZZ698151AF;A2999 B6  
1135012291;A2099 B5  
WHT004914;A2499 E4  
5U0853666M9B9;A1199 C3  
6F0819145;A2499 A5  
2GP807521A9B9;B2 99 B2  
5U0121109C;A1299 A3  
811711279;A1799 C7  
2G5807049B;A1999 D1  
5K0941109C;A2 99 G4  
N10640502;A2 99 F10 
04C907601K;A3 99 G4  
1SB971065;A1699 B7  
2G0821135GRU;A1899 B1  
0261034832;A1499 E7  
17A807241BGRU;A3 99 E5  
059130519;A2499 A3  
1SB820743B;B2099 A2  
5U4837249;A1 99 I9  
6EA919492;A1 99 F6  
2G1998002A;A1999 E9  
N91139001;A1 99 H10 
5U0807240E;B1699 B7  
6EA919492A;A2 99 I1  
5U5945096B;A3399 C9  
5H0853601HDPJ;A2299 A9  
2G0821112A;A7 99 B1  
823711594B;A2099 B1  
6EA857508E9B9;A3199 C4  
5Z0825201B;B8 99 A4  
6Q0412301;A2299 C4  
04E133036D;A2599 C4  
04C103600A;A1299 D5  
5U0853665AB9B9;A1299 E8  
2QB498201;A241  E7  
377721335P;B2099 D4  
5U5810971C;B2799 A3  
06L103801D;A9 99 C4  
2H0857528CGRU;A2799 C5  
N0115125;A1 99 E3  
2G5809406GRU;B1099 C2  
2H6821149;A1899 C9  
2Q1941395;A1399 D3  
059103147S;A2499 D2  
1S0998225;A1 99 I2  
5U3837249;A2499 A4  
1S0945096G;A3099 E1  
5U785310169D;B1399 C39 
N10437301;A2 99 D7  
5Z0853665C9B9;A1199 A8  
5Z0809857BGRU;A1999 A3  
5U7853687GKN2;B1299 D4  
2GP857538AGRU;A2899 E5  
2GK807863;B1199 A1  
5Z4837461A;A2899 C2  
5U0601147AAZ31;B1799 D1  
823711593B;A1799 D5  
5U5945093F;A2899 C7  
026103500;A2099 D7  
2H6853750D2IM;B1299 C7  
5U7919133;A2399 B5  
2GJ95542603C;A2899 E8  
2QB511121L;A6 99 C1  
3072531473;A2099 D8  
6EA85712182V;A2799 B1  
1SB955453;A1499 E8  
WHT008926;A1 99 G9  
N10785801;A1 99 E9  
2GM853601FDPJ;A2299 B8  
5G1998002;A2999 E6  
6EC8538352ZZ;B1399 E8  
1J0809961A;B2699 A6  
3C0853585;A1 99 A7  
2GJ837461A;B2999 C3  
6EA827550A;A9 99 E7  
04E906262AR;A4699 B2  
2G5809411GRU;B8 99 B1  
6EA827705C9B9;B1899 B7  
1J0809962B;B2699 A12 
5U7853421AMX1;A1899 D5  
2G5971095;A1399 E1  
2G5854734;B1699 E3  
WHT007341;A1 99 A3  
5Z0853601CFDY;A2299 B6  
6EC805912;B2799 A6  
5U4833721J1NN;B1899 C6  
WHT004923B;A1 99 A2  
5U7201801A;A2999 E5  
6EA827761A;A3 99 D3  
N91203301;A2 99 C9  
373201238A;A9 99 E4  
000979150E;A3 99 E5  
6EC945106;A1599 D2  
5U7827229A9B9;B1399 C16 
5U0035501D;A2 99 H1  
5U0129618;A1399 E2  
6EC853651DFOD;B5 99 B6  
5U1612041S;A1199 D4  
5Z1857508L9B9;A2799 A9  
N90791201;A2 99 F8  
000979941;A9 99 D4  
2Q0825236G;B1199 A2  
WHT007568;A1 99 B3  
6Q5827550B;A2499 E2  
5C0598375;A3199 E4  
N10414402;A2 99 B3  
6EA805912B;B2799 A6  
030133723AS;A1499 B2  
311401301;A3 99 B7  
5Q0962131;A2 99 D8  
2QB199555C;A2299 C9  
5U0601147KZ31;B1799 D2  
0AM141383D;A1799 E6  
2Q0501715L;B2899 B3  
6EC807393;A1599 C8  
2QB122051J;A1199 B6  
2GP839475B2MG;B1399 F1  
5N0831401;A2599 E4  
191971908B;A1 99 F4  
6EC945105;A2099 E6  
2GX8075219B9;B9 99 A3  
5U7827506A;A2299 D2  
6EC8538422ZZ;A1299 D1  
06L117070;A1 99 A8  
2Q0820127A;A2 99 E1  
2G0839581B82V;A1 99 C6  
5Z0809961P;B2799 A3  
2H6853675BMGM;A1 99 B6  
5W0615106A;A2699 D7  
2GP881775E;B1999 E3  
2QB121049B;A1199 A6  
06J121065F;A1599 B2  
0AM141383J;A3 99 G4  
WHT000188;A2299 B6  
2Q0959659;A2 99 E1  
5W4833721A1NN;B2299 C3  
WHT007212B;A1 99 A3  
2GP857537AGRU;A2799 A3  
6EA857805RAA;A2899 D1  
2GM821135GRU;A2199 E3  
5Z0407625;A2499 B7  
5N0943021B;A2099 E5  
0803115611;A2399 B2  
030145269A;A1299 B2  
5U78055839B9;A1299 E9  
5U7827505A;A2 99 G1  
2G4867011QQBG;B1299 B18 
5Z08575071NN;A2799 C8  
1K9853675BGQF;A2 99 F9  
6C0035849M;A2399 D3  
2GM945105;A1299 B1  
5U7853503C9B9;B1699 C2  
5U0201922;A1999 C5  
2G5853835A3Q7;B1399 B13 
0AM141383H;A2099 E4  
8K0973702G;A1 99 F11 
6EA853665G9B9;A1299 B6  
2GM821136GRU;A1799 E7  
2G5945106;A2099 B9  
5U6813320CGRU;B1999 C4  
030107099AB;A6 99 C7  
6N0413175A;A8 99 C2  
WHT001812;A1 99 D1  
09G301189;A2399 D1  
2GP853665A9B9;A1199 A8  
5Z0711761;A2 99 E4  
5U7853503E9B9;B1599 E3  
03C115721A;A1 99 C3  
1SB407762F;B2799 A2  
377711133;A1 99 B6  
5U7853501E9B9;B1999 D1  
6R0819465C;A2 99 C11 
06A103663B;A2099 D2  
2Q0937132A;A2299 C5  
1SB498201A;A6 99 B8  
3T0819465A;A1999 C4  
030199275G;A9 99 B5  
5Z6945105A;A1499 A3  
2GY807474GRU;B1899 C2  
2G5854818;B1599 D4  
5U7813320CTR;A2299 C5  
03C133073A;A2 99 D9  
2GP919493A;A2 99 A6  
6EC813309GRU;B1099 B33 
5NA853688KDPJ;A1 99 G5  
6EA823031GRU;B5 99 C1  
5Z0805583B;A1499 B8  
6EA807568B9B9;B9 99 A4  
6EA853675H2ZZ;A3 99 I4  
2GP807248;B3 99 B1  
2H0853675AGQF;A3 99 A1  
6EA853671ERYP;A1499 A1  
5Z0959801C;A2299 B5  
1SB807184;A2 99 C4  
5Q0121407AA;A1199 E5  
1J0513425;A1799 E7  
JZW998003B;A2999 C3  
06K121113G;A2 99 H5  
2GP949101;A1099 C3  
17A837015;A9 99 C1  
5U0805583K9B9;A2899 B2  
2H5853687739;A2599 C1  
5U0601147TZ31;B1799 D3  
2G58549499B9;A1199 C9  
6EA941531BTKK;A1699 C1  
5U0805583L9B9;A1099 B2  
2G58549509B9;B1599 E2  
2G5919494;A3 99 A4  
N0160276;A9 99 C4  
6C0601171XQI;A2 99 A1  
5U0820721B;B2099 D2  
5Z6945701B;A3199 D3  
17A837812E;A1999 B7  
5NN805705F;B1199 B31 
5U0853665Q9B9;A1299 A8  
5U6807439B;B3 99 B5  
059121131S;A1 99 E5  
5Z4839329D;A2699 A5  
ZBA823369;A1 99 L11 
03L109243F;A2499 B9  
5U0915331B;A1299 E1  
5Z0857511CY20;A2299 C1  
JZZ698151AB;A3199 B10 
5U0820741;A1799 B7  
6EA857706ARAA;A2799 C2  
WHT005184;A1 99 B2  
6EA853689AFOD;A1 99 E8  
036129720;A2599 D3  
2QB423831;A1299 D4  
1SB807241GRU;A1 99 I8  
6EC807568D041;B7 99 A1  
2GM813309GRU;B1099 B23 
5Z0853666C9B9;A1099 A1  
1J0121321B;A1899 B7  
5NN8070559B9;A1399 B7  
5Z0010381K;A1 99 C5  
WHT000237C;A2 99 E11 
7X0721361;A1099 C3  
6EC827302;B2299 C3  
N10862201;A3 99 C3  
2GX805072A;A7 99 C1  
5G0959857FWHS;A1 99 B11 
6EA809204GRU;B2299 C2  
2GY857522A;A2399 D2  
5C0253115A;A2 99 H8  
0AM141383;A2099 A6  
D321M15M1;A3699 B7  
1J0819644A;A4 99 A4  
2GP807723A;A1099 C2  
6EA615124A;A1999 C4  
5U0853653A041;B6 99 B5  
5Z0853362FEDW;A1199 A5  
6EA853689BFOD;A3 99 F3  
5U7513025D;B1 99 B4  
5U0807239;B1699 D7  
2GM8547319B9;B2999 C6  
321512335;A2099 A6  
N91145502;A2599 A1  
5U18194031NN;B2999 B4  
N10621301;A2499 A2  
5U5807394A;A1599 A5  
6EC809909AGRU;A1999 B4  
5U0853666S9B9;A3 99 B4  
WHT009773;A2 99 E8  
5Z0853630A;A2199 E9  
2G58549409B9;B1399 D37 
6EC853841B2ZZ;A1999 D6  
5U0853665G9B9;A1199 D7  
2H6807155AGRU;A1199 C5  
2GM863831;B1799 A3  
7P0121095;A2 99 A5  
N90809102;A2 99 A5  
2GP807050B;A1699 C8  
WHT004694;A1 99 I2  
5G0867276A;A1 99 G1  
5U0853677A1NN;B6 99 B3  
6EA971104A;A2099 A4  
N91079901;A2 99 C7  
5Z1823531B;A2299 A8  
5NA805931A;A6 99 C6  
N10713502;A2499 B4  
5Z0609721G;B1399 B8  
5U4971121CA;A2799 B5  
5U7827793B;A1799 B5  
06B115611R;A1299 C5  
5U0853677F9B9;B5 99 B3  
5NN807863;B1199 B8  
5M0823397B9B9;A2 99 A5  
5Z08535029B9;B1599 C5  
2Q0907511D;A2499 A8  
1S0035491;A1 99 A3  
5U7853595;A1499 D2  
5U5827301;A2 99 F3  
6EA955435;A2099 C5  
6EA807050;A2499 A8  
5Z0853677J9B9;B1199 C7  
867955499;A1799 D7  
1K0121367F;A2499 B3  
1S0820536;A2599 C4  
6EA807049;A2399 C1  
5U0820160A;A3599 A1  
2GY857521A;A6 99 C4  
2GK807162;A1699 D9  
1T0919133D;A5 99 B1  
5U0853666L9B9;A1399 C1  
5U7853596;A1399 B5  
2GP857755QVZ;A2299 E2  
06H103484A;A2 99 A10 
811711597;A1799 B7  
6R0615312A;A6 99 C5  
2GP839476B2MG;B1399 C38 
5N0831402;A2499 B2  
7L0422999;A1 99 D7  
2GP919491A;A2 99 D1  
5U0853665S9B9;A1 99 D9  
04C121070B;A1699 C9  
N10883401;A1899 A4  
2G58548199B9;A1799 E4  
5Z6807863B;B1199 B14 
5Z0601147ABBJW;B1799 D6  
6EA919494;A2599 C2  
2GP857739AQVZ;A2399 B4  
6R0412303;A2 99 H7  
5Z4854949BAJ;B1499 F3  
2QB611053B;A3 99 B6  
2GP827705A9B9;B1899 C4  
N0177386;A1 99 C4  
5U0805583C1NN;B1599 G6  
5U5810972C;B2699 A5  
06H121131C;A2 99 H3  
2G5809909GRU;A2299 D5  
6EA949101A;A2199 C4  
5QX919673;A2799 C5  
8X0831403E;A1 99 G10 
5U6955707;A2499 C9  
5U6810971E;B2699 A12 
1S0512335A;A3 99 J5  
2GM8536872ZZ;A2099 E3  
5U78536539B9;B8 99 B4  
5Z0422891E;B2099 D7  
6EC8075689B9;B1199 C7  
6C0412311;A2099 D3  
6EC810972C;B2699 A13 
3C0837033C;A1 99 I3  
6EC919492;A2 99 D9  
N90687001;A2099 A2  
N10845801;A2 99 H5  
JZW698151AE;A2999 A6  
5U0820159A;A3499 C1  
5Z1857508R9B9;A2899 C1  
5Z4845021B;B8 99 B6  
6EA837879BGRU;A2599 E5  
5U78642039B9;A2 99 G2  
2GP857507C9B9;A3199 C9  
038103196B;A1 99 A6  
5Q0253725H;A2 99 G5  
6EA949102B;A1899 C8  
5X0943021;A2099 D1  
1000035500;A3699 A4  
8X4833405A;A3 99 D1  
1K8823509S;A3 99 C6  
013301227;A2 99 F9  
5U0807240;B1699 B6  
5U08536651NN;A1199 D9  
107827539D;A1 99 F5  
1SB601149CZQ;A1899 A2  
1J0501117B;A1399 B4  
6EA955427;A2299 A2  
032115611N;A2899 C8  
036129689B;A2399 E9  
5U6807439A;B3 99 B3  
1139410315;A2899 D3  
5U0853601B2ZZ;A2299 C3  
5Q0803899;A2299 B9  
G052565A1;A3699 C7  
5U5803907BGRU;B1099 B19 
5U7809905CTR;A2199 C6  
5Z0881901ET2ZE;A2799 B7  
2GP121330A;B1499 C4  
5U0122447G;A1699 B8  
G052738A2;A3999 F1  
WHT001251;A1 99 D1  
2G5854733;B1599 C2  
2GP853666A9B9;A1199 C2  
5NN807394;A7 99 A2  
2GP807426041;B1399 B5  
5U0853657;A2099 D4  
6EC813319GRU;B2199 E6  
5U4837329H;A2699 B5  
5U0853665F1NN;A1199 A7  
N91192201;A1 99 B6  
5U5827301C;B1999 C1  
N90687201;A2399 B6  
6EA839699A;A1399 A3  
1000039200;A3699 C4  
04C129717C;A2 99 C8  
2GK805911;B2699 A2  
1J0919133B;A1499 D1  
2G5805932B;A7 99 B6  
5U7413175;A8 99 D2  
5NN86883782V;A2799 D1  
5Z1857537CGRU;A2799 A5  
5GM941661A;A3399 B8  
2QB201293;A2 99 C2  
JZZ998051;A2199 C8  
N90894601;A1 99 G7  
5U1823533A;A3 99 G2  
000979009E;A1899 E4  
5U6853706A1NN;B1399 E14 
2G586345982V;B7 99 A6  
5U0601147SZ31;B1799 E6  
N10441602;A1799 C7  
JZZ201511B;A4 99 C8  
377860250;A1699 B6  
2GK867287RM5;B6 99 A3  
N0177632;A1899 C2  
2QB199262;A1999 A3  
N90115701;A2099 E6  
8E0260749;A9 99 D4  
5Z0809962L;B2699 A11 
2H0407182A;A7 99 E4  
5Z0601147ACBJW;B1799 C4  
17A121283H;A1599 B2  
1K0121087B;A3 99 I1  
2GY8547349B9;B2899 B4  
6EC805705;B1099 B6  
2GP919494A;A3 99 F6  
6EC919494A9B9;A2499 E3  
8X0035444;A3 99 B7  
6EA819728CEDW;A2799 E5  
2GP807155A9B9;A1 99 G6  
06K121605C;A2299 C8  
N10785401;A1899 A1  
2GJ805931A;B1999 A3  
2H6807184A;A3 99 E4  
5Z1721480D;A2499 C8  
6R0941511;A3 99 H4  
2Q0010001B;A3 99 E3  
2GK8379115AP;B1899 B5  
02K945415K;A2 99 D10 
N91233201;A1 99 E4  
030115611P;A2899 B7  
2G5853666A9B9;A1099 D1  
6Q0810971A;B2699 A8  
N91254401;A2499 C6  
6Q0810679E;A2499 D2  
N90686902;A2 99 B4  
1K0412303M;A2099 A7  
5U3845022C;B8 99 C6  
6EA601147D5KT;B1799 C3  
5U0853665H9B9;A1299 A1  
6EA819703FEDW;A2799 C7  
5Q0937132D;A2199 A3  
N10434402;A2 99 I11 
5U4837400A;B1999 E2  
5U4837399A;B1999 E4  
211711185A;A1 99 A11 
WHT004739;A1 99 I1  
5U5827705C1NN;B1899 E6  
2GX857755QVZ;A2299 A7  
5U0853630AOLP;A2199 C9  
6EA837477A5AP;B1399 E2  
5U0955425F;A2899 A5  
2379535192999;A2899 A3  
06K103483;A1599 D3  
N90785002;A2 99 B11 
5U6827705C1NN;B1899 D5  
6EC853101A2ZZ;B1399 D4  
N91006202;A2 99 G11 
N10729601;A3 99 J3  
5U7809958A;B2699 A5  
WHT002258;A1 99 G10 
5Z0819404A9B9;B4 99 B4  
2G58538363Q7;A1499 A6  
443955465;A2 99 G8  
1SB827550;A9 99 C7  
5U7860149KN2;A2 99 I1  
377412375;A3 99 A1  
3C06011739B9;A1899 C1  
17A805705E;B2999 B6  
3254193411;A2 99 D10 
059130519B;A1 99 H1  
N91254301;A1 99 G1  
5Z0805323GRU;A2399 A2  
17A857537GRU;A2899 D5  
5K0853688AFXC;A1 99 E9  
6EC945258;A2199 A1  
6EC945257;A9 99 E5  
JZZ129620A;A4 99 C1  
JZZ129620D;A4 99 D1  
5Z4837329K;A2699 E3  
5U4837886A;A2399 D8  
5U1955409B;A2999 E4  
2GK807050;A2399 E9  
5NN95542603C;A2999 D6  
5NN95542503C;A2999 C2  
2GG854541;B1399 E1  
2GY857521;A1999 D4  
6N0129620A;A4 99 D4  
5U6945097A;A1699 C4  
6EC806929;A1299 E1  
5U0807239E;B1699 C5  
5NA827499;A3 99 J2  
N90335004;A1 99 A5  
N91247701;A2 99 B3  
0261155613;A4 99 A9  
3B0857561BY20;A2499 E1  
N90355405;A1 99 E1  
2GP853689BFOD;A2 99 F2  
2H6807183A;A3 99 H5  
5U3837399A;B1999 C4  
2GY857522;A7 99 B5  
5Z0122051N;A6 99 E7  
06H121605E;A2399 C3  
5U0805583B9B9;A1499 D7  
7D0010229B;A1 1  A1  
2Q0971813;A3 99 H2  
701010043R;A2 99 D7  
038919081H;A3 99 G1  
5U0853101;B1399 A1  
5Z0959858E1QB;A2599 A3  
1K0129620G;A4 99 C9  
2GP853665D9B9;A1599 B4  
5U0807239F;B1699 E4  
5Z0122101E;A2199 D3  
5G0121331J;A1199 C7  
6EC839461;B2099 E3  
2G5854817;B1599 F2  
2378434231;A2099 B4  
050905205AP;A1099 E5  
WHT005263;A9 99 A4  
2GJ854990A9B9;A1399 E8  
04C906262G;A4699 F3  
5Z0809857AGRU;A1399 D4  
2G58538559B9;B1099 B11 
2GJ854970A9B9;A1599 A7  
5NN95542703C;A2999 B9  
1SB807241DGRU;A3 99 A4  
6EA857756AQVZ;A2299 E8  
5U0805584F9B9;A1199 C6  
6EC853630FOD;A2299 D8  
2GP805912B;B2699 A1  
5U7407256L;A3599 D7  
2G0857552JSX4;A3199 B14 
6EA853666C9B9;A1699 E7  
5Q0121058AE;A141  D9  
5Z9513025K;B2 99 C4  
5U7853502C9B9;B1599 B4  
5U0010795A;A2599 E2  
1SB945105;A1899 D1  
2GP853666C9B9;A1099 A6  
3C8867190;A1 99 H3  
N0177382;A2 99 B6  
2G58538569B9;B1199 B45 
5U08372071NN;A2399 D6  
6EA807439;B3 99 B2  
2GP806333C041;B1099 B8  
1H0253147B;A2 99 H8  
5NN807938AGRU;A3 99 C6  
1S0945300A;A2 99 A5  
5H09554359B9;A2499 B5  
5U48374391NN;B1399 C48 
2GP806333B041;B1099 B38 
D180KD2A1;A4799 D1  
2QB122051M;A8 99 B9  
6EA853665C9B9;A1399 A4  
2GK8391195AP;B1899 D3  
6EC805567;A1799 A7  
6EC807568C9B9;B7 99 A5  
5Z4837330J;A2699 A2  
6EC853711A2ZZ;A1099 C4  
2GK8074159B9;A1099 B1  
5U08536661NN;A1099 C2  
5Z9807155A9B9;A1799 C2  
5U4837478A5AP;B1399 F11 
5W4839329;A2699 C5  
04C129656M;A1599 D1  
701010002AA;A2299 E9  
2114113131;A1899 E2  
5U0820022;A1999 C6  
2GY805932;A7 99 A7  
5Z0805583C9B9;A1299 B8  
2QB011031B;A3199 E9  
032905430N;A1899 B6  
5Z0805584C9B9;A1699 A4  
5Z0010771H;A2 99 G7  
5Z4853753HGRU;B1399 E9  
N90737803;A2 99 C4  
2GP601249;B1999 C6  
1SB601155Z31;B1799 E5  
6Q0609721M;B1399 B15 
N91231201;A2499 B4  
WHT005437A;A1 99 D2  
5Z0809146BGRU;B2299 D5  
N01713138;A3 99 B1  
5G0857494RM5;A1799 E6  
6EA971192B;A3 99 H1  
WHT005433;A1 99 C2  
5U7853501C9B9;B1599 D5  
2QB201293E;A2099 D8  
5U78530959B9;B1199 B46 
06J117070C;A2 99 A6  
1SB807257A9B9;A1399 B9  
5U78539859B9;B1399 F38 
5W0419809.;A2 99 E8  
2GJ821119;A2199 A1  
5U0807240H;B1699 D4  
6Q0411314R;A1799 C5  
1027112331;A2599 D5  
5U0919491;A2 99 F7  
1000028150;A3699 B4  
5U0837207AGRU;A2399 C5  
1J0512109;A2499 C7  
2H6821193;A2299 B9  
2GP971095C;A1099 D1  
5U0853666AA9B9;A1199 C4  
6EA806929C;A1499 A4  
5U0805583F9B9;A1499 B5  
431955465;A1 99 E9  
6EA853675D2ZZ;A2199 D2  
1S6813334DGRU;B2199 E4  
N91029202;A1 99 E6  
1000028500;A3699 B7  
1J0501249C;A3 99 F1  
17A8536872ZZ;A1 99 D6  
1F0129620;A4 99 C7  
377512113A;A1899 B4  
D00950025;A1 99 C8  
5U0853666AB9B9;A1099 A2  
2G5121330;B2299 D3  
373837478;B1399 D25 
2GJ821167;A6 99 B7  
6EA823707A;B1399 D24 
5U0853601BOLP;A2199 E2  
6EC853835B2ZZ;B1399 D15 
6EA945097;A2999 A7  
5U0035501H;A1999 D2  
2GJ8399019B9;A1299 A4  
3G0998494GRU;A2399 D7  
04C260849E;A5 99 B2  
6EA863045ANA2;B1499 F6  
2GP945106;A2199 D9  
WHT000713;A3 99 D2  
2GP867914A9B9;B1899 E3  
WHT001164;A2 99 C7  
N91045502;A1 99 I7  
5Z0857806KRYV;A2799 A1  
1SB807394;A2299 A4  
2G5807863A;B1199 B26 
5U3837330D;A2699 B2  
3D0260749C;A1 99 D3  
5U0807183;A1799 B7  
6EA857755QVZ;A1099 A4  
510881348A82V;A2 99 C1  
2GP121283B;A1999 E1  
5U7827517A;A1899 E4  
1K0899184;A1 99 I3  
5U5919486;A1899 E3  
5U7201819D;A1399 D3  
2GA947105STCJ;A2299 C2  
2GM839902E041;A1699 D5  
5U6853504A9B9;B1599 D1  
8P0973722;A3 99 C4  
2GJ8399029B9;A1099 E7  
5U1857097A71N;A2999 E1  
WHT005179;A1 99 A2  
7M0010252D;A2 99 G9  
377422523;A1599 C5  
6EC807394;B1699 C7  
N90891601;A1 99 D5  
N90813202;A9 99 C4  
5U0807184B;A1899 C9  
377501541;A2099 D6  
6Q0821142;A2199 D4  
2GK821136;A2699 A3  
1SB807257C9B9;A1499 C7  
2QB501117;A2299 B3  
5U4831721A1NN;B1899 E7  
5Z0853665R9B9;A1499 D8  
D200005A2;A3699 C7  
5Z0853666L9B9;A1099 B3  
5U7827518A;A1799 A9  
5Z0807184A;A1799 C3  
1SB943021;A2499 C8  
2G5806929C;A7 99 B8  
N91131601;A3 99 F6  
5Z0819403A9B9;B1499 E3  
5Z68055849B9;B1599 B3  
N90528204;A2 99 E1  
5Z0810972D;B2699 A5  
06H103483D;A3 99 B2  
6EA853675H041;A2 99 E6  
2Q0122291K;A2399 C8  
2GK821135;A2799 B3  
8K0973702;A3 99 A3  
5U0857607Y20;A2299 D4  
5NN807651A;B1099 B16 
5U0825250A;A1699 B4  
1SB8536539B9;B5 99 B2  
2Q0411314A;A2 99 F10 
1J0955873D;A2 99 E10 
3B0857561B82V;A1 99 B2  
5U0010824C;A1 99 G11 
2Q0825701;B2299 A4  
5Z0853677G9B9;B5 99 B3  
3258812131;A2 99 C6  
N0138157;A9 99 B4  
3B0955665C;A2499 A2  
5Z6809921C9B9;A1499 E6  
G000100;A3699 A7  
N01713113;A2 99 B8  
5U0253115;A2 99 G2  
2G0951182C;A2599 B4  
06K103484F;A1 99 D7  
5U0807183B;A1799 A5  
D322100M2;A1499 F4  
5C5919493;A4 99 D4  
2G5853689BFOD;A1 99 I2  
5U7853503D9B9;B1699 D4  
5U0881203;A2499 E1  
2G58538353Q7;A1699 A5  
5NA898623;A1 99 E11 
6EC809857;A1999 A1  
6EA85855982V;A3199 A10 
3CN868243;A2599 B1  
3019531702;A2 99 H3  
6EA955707;A2399 B3  
6EC919493A9B9;A2 99 C1  
1S0881605B82V;A2399 D2  
N01033513;A1 99 F3  
5U38374409B9;B1899 C3  
5Z0853666B9B9;A1199 A1  
2GP8098579B9;A1699 E8  
5U0853658;A2599 E1  
N01713111;A2499 B6  
5W6807193A1NN;A3 99 C4  
N90834901;A2 99 I10 
2G5121341;A7 99 A3  
6EA867234EY20;B7 99 B2  
7H086729901C;A2 99 I6  
2GY807473GRU;B2099 C3  
6EC919491C9B9;A2 99 H1  
2GP858365ATR2;B6 99 B2  
1000028301;A3699 E4  
6EA807393;A2099 E2  
2G5821021GRU;B1099 C7  
06J121132G;A2399 D5  
5U0807184;A1799 C4  
6EA819703BZNX;A2399 E4  
N90942902;A2099 E8  
5U38374399B9;B1899 B5  
5Z0853601D739;A2 99 C2  
5U0853767E2ZZ;A1599 C1  
6EA853630FOD;A3 99 H5  
2H5863290;A2599 A2  
2GK845202;B8 99 C6  
7L6868243;A2 99 B7  
N10690701;A2 99 F7  
2G5813227GRU;A2299 D5  
6EA807184;A1799 A8  
N10554002;A2 99 B3  
4A0867276B;A1899 D1  
6EA853688AFOD;A2 99 D1  
N10596201;A2 99 E8  
02T301192C;A2099 E2  
04E133036A;A1899 D2  
1K0253141L;A2499 C1  
030109119AB;A5 99 C3  
3G0998493;A1 99 A11 
WHT005480;A1 99 D2  
038103196D;A2 99 G11 
1SB809857GRU;A1899 E9  
2114056811;A2 99 G11 
7X0611307;A1799 D7  
839601361A;A3 99 C5  
5U0601147NZ31;B1799 D1  
5U0821142AGRU;A1 99 E7  
WHT000237A;A1 99 D4  
2GM805216A;B1399 C13 
N90788402;A2 99 F4  
1H0201449;A2 99 G7  
N10320101;A2399 E6  
2GK807483;A1499 A9  
5U0853666Q9B9;A1199 D4  
5X0867299C;A2499 B2  
2QB122051N;A7 99 B3  
2G6971829;A3 99 B6  
4E0260749B;A1 99 G5  
3B7601171XRW;A2 99 H3  
5U0805584B9B9;A1399 A9  
5U0919052A;A2199 A3  
5Z088167171N;A1799 E3  
N91008401;A2099 E5  
5Z0805932;A1999 B3  
5NA854542;A1699 B3  
5Z0853666H9B9;A1099 C1  
04C133723AH;A2399 C7  
WHT005422B;A2 99 D11 
2GK853689DDPJ;A3 99 I2  
5U0853685D739;A2099 E6  
2GY8374395AP;B6 99 A1  
N90707502;A2 99 I10 
JZZ819653C;A4 99 E2  
5U7853501D9B9;B1599 E6  
6EC853842B2ZZ;A1399 D1  
5W6945101;A1699 A6  
G052109A2;A3699 D7  
5Q09191339B9;A2 99 I4  
5U788160782V;A2099 D6  
5Z0953236;A2199 E1  
N0200251;A1 99 D4  
2GP807724A;A7 99 C1  
5U7853503A9B9;B1599 F5  
6EC806930;A1599 D4  
04A145220;A1 99 F9  
5Z6853541B9B9;B1099 B3  
2GP853688BFOD;A1 99 E9  
04C253039D;A2 99 E9  
WHT007498;A1 99 B3  
N90316801;A2 99 G4  
2GP853689AFOD;A2099 E3  
6EC853711B5ZT;A1199 B1  
17A864239;A2299 A9  
5U7853307A9B9;A1199 C1  
3056013612;A9 99 A3  
7N0972704;A2599 B1  
5U0821141AGRU;A1 99 F10 
WUR001130;A2099 C8  
2GP121341A;B2999 D4  
2378434251;A2599 B3  
5Z0411105AP;A9 99 D2  
5U4837477A5AP;B1399 D17 
5Z1857537AGRU;A2799 E9  
N91204402;A2499 E3  
5U4837330D;A2699 A4  
1J6827550B;A1799 C1  
N91186303;A3 99 F2  
N10648301;A3 99 E4  
2119552151;A2599 D4  
2GP810971B;B2699 A6  
5U0955326;A1899 D6  
N10655802;A3 99 I4  
WHT002473;A1 99 F1  
N91204401;A2099 C7  
5U0807240G;B1699 D5  
N91194501;A3 99 D5  
0813112551;A2499 C6  
2GP821112A;A1799 B1  
5Z0805757;A2 99 A2  
2G5810972A;B2799 A6  
3C0837279A;A2 99 H4  
1SB837432B5AP;B1699 A2  
6R08570192F4;A1 99 H10 
V04010031;B1299 C17 
6R0955665;A1 99 C2  
6EA867912B9B9;B1899 D6  
N91201001;A2 99 A2  
1S0820367;A4 99 E1  
N01713120;A9 99 A3  
04E103483N;A1399 C2  
5U0853666F1NN;A1199 B3  
1133093111;A3 99 E1  
5U0955325;A1 99 H9  
04C115611F;A2899 D5  
2GP857522;A2399 B3  
N0177522;A1 99 F3  
2G58531013Q7;B1399 C29 
443857847B4PK;A2 99 D10 
3AA868243A;A2 99 D3  
N90304506;A2499 C5  
2GP821111A;A1699 A8  
2Q0825202C;B7 99 A5  
5U7012248;A2099 A2  
WHT007820;A1 99 E6  
6EA121284;A1799 B2  
3G08585489B9;A2499 B4  
2113112511;A2299 E4  
2G5919493;A3 99 I5  
5U0853677E9B9;B8 99 B3  
5Z68535039B9;B1599 E6  
N01713114;A1 99 B4  
06A115441J;A1 99 H2  
2GP810972B;B2699 A9  
2GY863463CA9;A1 1  A1  
2GP853689C2ZZ;A2 99 D11 
8X4833407A;A2 99 G4  
2G58547329B9;A1499 E5  
N10411402;A1 99 C11 
5Z0853666P9B9;A1199 E6  
D181220A1;A3699 D7  
04E103085AQ;A1 99 C1  
N90656201;A1099 D3  
8S0857945;A1 99 A9  
5U6945312;A2399 E6  
2GK805705;B1199 B21 
036115636D;A2 99 A3  
6EA949101B;A2299 D8  
2E1857784;A2499 C2  
5U0820160B;A1099 D6  
030971824C;A1599 B7  
5Z1820741A;B2099 C6  
5Z9807375;A1899 A5  
5Z0820115;A1 99 A5  
101905610D;A4699 G3  
N90587602;A2 99 E2  
8U0907671;A3 99 C7  
6EC807378A;A1299 E3  
N10286111;A2499 A4  
6EA853689JFOD;A3 99 I2  
5U0122447J;A1499 E6  
5Z6827517H;A1799 E5  
N01116419;A1 99 H1  
1J5827507A;A2 99 D1  
6EA807454;A1799 E4  
5Q0010008D;A2599 E1  
377947561D;A2599 E4  
06L121131;A1 99 B5  
2H0407183A;A2199 B4  
5Z0807183A;A1799 C6  
6K0947311;A1 99 I2  
5NM86332882V;A2199 A1  
5X9955435;A2499 E1  
2GP858831AKJ1;A1999 A1  
6EA121283A;A1699 D7  
5U0858061FEIO;A2799 C3  
2GJ88723382V;A1 99 I11 
2GP807393A;A1299 B7  
N10009110;A2 99 G2  
WHT006112;A1 99 G2  
2GK807394;A1099 B1  
5Z0807183B;A1899 B2  
N91217701;A1 99 G9  
N10746401;A3 99 G1  
2GP919493;A1 99 E5  
6EC853101B5ZT;B1399 B20 
WHT001833;A1 99 B1  
7PP721431;A2 99 C4  
5Z0853666R9B9;A1199 E4  
2GK853689B2ZZ;A2099 D4  
5Z9845025C;B8 99 B6  
2114113141;A2099 A4  
5Z0955751;A1599 B6  
2GP919400GRU;A1899 A6  
2GP919399GRU;A1899 E5  
1SB809962A;B2699 A1  
D181802M1;A2 99 H3  
5U0820021D;A3199 E10 
4M0611817;A1 99 J3  
6EC805911;B2699 A3  
5G0121332J;A1599 A4  
1S0821141GRU;A2099 A3  
WHT007665A;A3 99 H4  
5U7945106;A1399 D9  
WHT000036;A2 99 C6  
5Z1857538B9B9;A2999 B2  
6H0881635;A2 99 A9  
2GP819403C9B9;B2099 B7  
5Z4853413S61V;B1299 C10 
1S0201801A;A2799 D6  
2G0867927Y20;A3 99 C2  
2GP807156A9B9;A2 99 E8  
5Z0412341;A1 99 L11 
N90970702;A2499 B5  
2G0853274A9B9;A2299 D7  
5Z6945300;A3 99 A6  
5Z3845021C;B8 99 B6  
04C133073B;A1 99 J3  
5U7871296;A2099 E4  
5U7853050JMX1;B1299 C11 
1SB839016F;A2399 B4  
001409069B;A3 99 A4  
6EA853675J2ZZ;A1 99 I10 
5U0820159B;A1399 D4  
5U0853767B2ZZ;A2199 E1  
5U6853705A1NN;B1399 C45 
5U0601147EYSW;B1799 D5  
5Z0853666G9B9;A1199 D5  
5N09552059B9;A1 99 D5  
D822150A1;A4799 D1  
357823397;A2 99 D4  
1SB807416A9B9;A1199 B8  
5U0853666H9B9;A1299 C8  
5U0853768B2ZZ;A1999 B5  
5U0807240D;B1699 E6  
WHT006990A;A2 99 I10 
2GM907455A;A2499 A1  
2G5807393;A1899 C2  
2H0598160;A1899 E4  
N10720201;A2099 C4  
5U7860150KN2;A5 99 I5  
5Z0853768AZI5;A2 99 F1  
5X0611853;A2 99 F2  
5U0853666A1NN;A1699 E8  
WHT000001N;A1 99 A1  
5U0412545;A1899 B9  
6EA853677M9B9;B8 99 B3  
1H0867199A82V;A3 99 G5  
2Q0411314B;A1899 A3  
7E0949117B;A2 99 E7  
2Q0915429A;A2499 A8  
JZW998003A;A3199 B9  
2GJ853687E2ZZ;A2599 C3  
N10424903;A2 99 B9  
6EC821135GRU;A2399 A8  
5Z48374771NN;B1399 D5  
5U0853764D2ZZ;A1199 C8  
N90346302;A2 99 F11 
155253115;A2 99 H5  
2D0955962;A2 99 F1  
2GJ95542703C;A2099 B4  
5U0853665A1NN;A1199 B2  
WHT001796A;A3 99 F5  
5Z0853666K9B9;A1199 A6  
2GK8532129B9;A1099 B6  
2GP807723;B1499 C3  
5K6955435;A2 99 E5  
4D0260749B;A1 99 C11 
1SB807241BGRU;A1 99 H2  
5U0853653C041;B7 99 B4  
5Z4839330D;A2699 C4  
1S08537179B9;B1699 B3  
1SB853433A4M1;A2 99 D8  
5U7853675C739;A3 99 E3  
2G5807394;A2 99 E4  
WHT009536;A1 99 H1  
2GK8532119B9;A1899 B2  
5Z6807394;A2299 A6  
1SB8538179B9;B1999 B1  
N91043701;A2 99 E2  
1S0825250A;B2199 C6  
5Z0805324GRU;A2399 C2  
2GP867172KJ1;A2999 D9  
2GP805705;B1199 B1  
5X0010464Q;A3 99 A3  
3AA998275;A2 99 G9  
211711197;A3 99 G4  
2H0131261;A2 99 E11 
377201295A;A2 99 G9  
1J0955875K;A3 99 C4  
030121111AL;A2299 E2  
5G0941431ANWZU;A3 99 A7  
5QN511115E;A3599 D5  
6EA806930B;A1499 D9  
5U0853666R9B9;A1099 D2  
5Z0853665K9B9;A1599 D4  
5U7807142GGRU;B1999 B5  
N0120622;A1 99 H3  
N10699701;A2 99 A1  
2GM8547329B9;B2599 A1  
5W4839330;A2699 C3  
5Z9807376;A1899 B4  
5G0959855PWHS;A1 99 C7  
N90758902;A1 99 H4  
5Z4853414PVGY;B1299 B9  
G052168A1;A3699 E7  
WHT006124;A1 99 G2  
2GP823707;A2099 E5  
6X0973815;A3 99 H3  
N10430503;A3 99 J2  
6EA8374775AP;B1399 D41 
N91073301;A3 99 B7  
1J0121087C;A3 99 E5  
5U0853666P9B9;A1199 D1  
5Z0807863;B1199 B48 
5Z9857805BHCP;A2799 E6  
5Z4833721E1NN;B1899 E5  
2Q0886249D;A2 99 I1  
5Z9857806BHCP;A2799 C6  
2GP807049B;A1499 C5  
5Z0201511B;A5 99 B6  
6EC809644GRU;A1599 A2  
1SB955425A03C;A2799 D2  
6EA887233CWM;A1899 B2  
5U0201553A;A3 99 F4  
N01166516;A2 99 B10 
6EA858365NA2;B2099 E7  
5U7945106A;A1799 B2  
5U7827185A;A3 99 J1  
2G5853675C2ZZ;A2 99 A2  
2H0411313C;A2199 B5  
6EA8374785AP;B1399 F8  
377601983A;A1 99 I9  
N98991001;A1 99 A1  
1SB8374785AP;B1399 D7  
N01713118;A2 99 G10 
5Z0821142BGRU;A3 99 I3  
6EA853101B2ZZ;A1399 D7  
5Z0821141A;A2499 A1  
6EA8575389B9;A2799 A7  
WHT007527;A1 99 G8  
2GX853050MY2;A2 99 D2  
5U6807423C;B1299 B6  
N91097201;A2 99 I3  
N10653601;A1 99 I3  
2GP853688C2ZZ;A1 99 F1  
2GK8633309B9;A1899 B7  
WHT002244;A1 99 F1  
N90794401;A2299 C5  
5U5853705D1NN;B1899 D2  
5U485331901C;B1299 B8  
2G5823186B;A2399 E9  
4E0260749A;A9 99 A4  
6EC121284;A2699 E9  
5U0881171A71N;A2 99 I9  
6EA867244Y20;A1399 A7  
N10738101;A1 99 F1  
6EA85821782V;A1499 B2  
06K103649H;A1 99 I1  
WHT007480A;A1 99 A3  
2GP807248A;B3 99 B4  
2GP853675A2ZZ;A2 99 G8  
WHT001799;A2 99 C5  
2GP854375;A2 99 G5  
6EA8536669B9;A1099 D4  
04E103383CF;A1399 D2  
5Q0611349B;A3 99 A6  
5Z4853754HGRU;B1399 C26 
2GG821111;B1399 D51 
2GP854376;A1999 D3  
2GP919491;A1 99 B8  
5NN867071ARM5;A2599 A4  
2GP8537652ZZ;B1399 E38 
N90729002;A2599 B1  
2G5853675A2ZZ;A3 99 D1  
2GP919399AGRU;A3 99 E6  
5Z68055839B9;B1599 F4  
3258812132;A2099 C4  
6R4837732;A2499 E8  
041115105;A2399 E7  
5Z0853685K739;A2 99 G11 
N90993603;A1 99 C8  
7P0121276;A2199 D7  
5Z0807184B;A2099 A1  
1H0412365A;A1 99 E5  
WHT005353;A1 99 C2  
2GY810972;B2699 A14 
5W0819466A;A1899 C1  
5U7853050KMX1;B1299 C9  
510867276A;A1 99 B2  
WHT002796;A1 99 B1  
5U0837114D9B9;A2299 D2  
6EA8536659B9;A1299 D9  
5U6853687C739;A2 99 C11 
2G58536669B9;A1199 A4  
N91138502;A2499 B6  
2GY810971;B2799 A9  
5U6810972E;B2799 A3  
5U5853706D1NN;B1399 D18 
6EA853687A2ZZ;A2 99 D9  
030103483K;A1599 C6  
N10670301;A2 99 B7  
6EC807377B;A1299 C9  
2G58547319B9;A1399 C3  
5U0010795E;A1 99 H6  
6EA819404E9B9;A1 1  A1  
377412329B;A1599 D5  
5Z09598569B9;A2 99 C5  
5U0807239G;B1699 C6  
2GP805705A;B1199 B23 
3055121352;A3 99 E2  
2GY845202;B3199 A1  
6EA857521;A2199 E9  
5U0807240B;B1699 E7  
5Z18575379B9;A2899 B2  
1SB805931;A1299 D8  
N91052201;A2099 C7  
1SB955427A;A3199 D9  
7H0820898;A2 99 G5  
N10424907;A1 99 E7  
6EC807378B;A1199 B1  
5NN807049B;A3 99 G3  
5N0854541A;A2199 D5  
N10748001;A1 99 I8  
6EA819403E9B9;B7 99 A2  
WHT009656;A2 99 G10 
059145865;A2499 B2  
6EA807183;A1799 C8  
WHT002796B;A1 99 F5  
6EA807394;A1899 C1  
059121091B;A1 99 H10 
321513279;A2 99 D11 
2GP805567;A2 99 D2  
2GX121283;A1599 B4  
2QB614739;A3499 C3  
2GP853688FFOD;A3 99 A3  
5G0805413C;A2599 A2  
2GP853666B9B9;A1199 C4  
5U6945311;A2 99 D2  
2G5853689BDPP;A3 99 C6  
6EA853688BFOD;A2 99 C11 
06H121142C;A1 99 H11 
8X4833406A;A1 99 H6  
6EC9194949B9;A1 99 B7  
2GP825253A;A1499 D5  
5U0121051G;A1299 A9  
5U0035936;A1599 D1  
542937131J;A2 99 E4  
8D0955455;A2 99 D5  
N91256301;A1 99 A4  
2GP853665B9B9;A1199 D2  
5U7809922E9B9;A1399 C2  
2G5853689AFOD;A2 99 F11 
6EA945257C;A1899 D7  
2G5121284;A1699 E6  
030129717G;A1 99 B7  
5Z0867299;A3 99 E2  
5U7927325A;A1 99 B1  
5U7853414LMY2;B1299 D10 
5U5827489B;A2599 B3  
1K0941431BPREH;A1499 C4  
5Z6807393;A1299 B4  
G052142A2;A3699 C7  
N10640501;A1 99 G5  
5Z0853274F9B9;A1099 A4  
17A821135;A2399 B2  
5Z4853047AAA;A3 99 A5  
N01713112;A2 99 D9  
6EA857538AGRU;A2699 D9  
5U0837732;A1 99 D10 
2G0955463;A1899 B3  
2GP807394C;A2199 E3  
02A1417281;A3 99 B5  
5Z0201231A;A2 99 F9  
839601361;A9 99 B4  
N90321302;A2 99 D6  
5Z1857507G9B9;A3199 E3  
5Z1857508P9B9;A3199 D1  
5Z0853665H9B9;A1199 D8  
5W6807194A1NN;A2499 D3  
WHT002527;A1 99 G1  
311601361;A9 99 A3  
3C0837880AGRU;A2399 E1  
2GP8072419B9;A1 99 F7  
6EA853777B;B1499 D3  
5U0501545;A2499 D6  
5G0919491;A1 99 D11 
2HT853413MX1;B1299 C13 
2HT853413AMX1;B1299 D12 
5Z08197041NN;A2399 B7  
5Z08197031NN;A2199 A5  
5K0953259A;A1899 C3  
N91157202;A2 99 C9  
1J0201511A;A4 99 C9  
6EC807049;A1899 B2  
5Z6945106B;A1699 C5  
N90969903;A2 99 A7  
5U0853666B1NN;A1199 A3  
6EA8379029B9;A1799 A3  
2G6839902C9B9;A1399 A8  
WHT002473A;A1 99 G1  
1SB121284L;A1799 A3  
N90897305;A1 99 F4  
2GP823186D;A3 99 L1  
6R3837707A;A2499 B4  
2GP853689EDPP;A3 99 E6  
5U7821141GRU;A1799 E8  
N90991002;A2599 A8  
N91093502;A1 99 E4  
6EC807393A;A1599 D3  
1000 300 100;A3699 B9  
N90648704;A2499 B5  
6EA121283;A1799 D2  
04E145269;A2399 E4  
2G5853665A9B9;A1199 E7  
17A868437A82V;A7 99 B2  
1J0253144;A1399 C3  
2GP853689FFOD;A2499 B8  
3G085863482V;A2399 C1  
5NA919493E;A1 99 B11 
2GK853675A2ZZ;A2399 C1  
3V0823186A;A1 99 I5  
2GP853688EDPP;A2 99 C5  
17A86843882V;A1999 C3  
V04010036C;A3 99 E2  
6QE945106;A1299 B5  
6EC807394A;A1399 E2  
5Z6809921A9B9;A1499 A7  
5Z0919491F;A1 99 B9  
5Z0853687G739;A3 99 G3  
7H06011739B9;A1899 E2  
6EC827566A;A2299 A3  
G000150;A1799 B3  
2G58532119B9;A1399 A2  
2GJ83997482V;A2099 C7  
2GJ83997382V;A2 99 I1  
6EA853665A9B9;A1299 C7  
6EC853712B5ZT;A1699 B9  
G052385Q1;A3699 D3  
N10551701;A2599 E5  
N10037105;A1 99 H4  
N90648402;A3 99 D4  
1SB121283L;A1599 B9  
N10571405;A3 99 G3  
6EA837205M9B9;A1199 B4  
6Q0823567;A3 99 B6  
N0177322;A3 99 A5  
N91021601;A2 99 F4  
N0138495;A9 99 E4  
5GB807723;B2299 E6  
2GP853688AFOD;A1 99 F7  
2GP121283A;A1599 C3  
510867097A;A2599 E6  
N10699401;A2499 B5  
6EC853712A2ZZ;A1299 A9  
2GP853689DFOD;A2499 D7  
1J0711124;A2 99 D9  
03G906051M;A7 99 E5  
2GP853675G2ZZ;A2 99 I5  
2G5821136GRU;A1899 A2  
5Z0863747;A2499 C5  
3054250212;B2199 C5  
5Z0601149HJLZ;A2399 E7  
N0195268;A2 99 B6  
5U4867109D71N;A1 99 G2  
6EA853666G9B9;A7 99 D1  
1J6955425C;A2199 D4  
2Q0615312;A1299 C4  
5U4837249A;A3 99 I5  
5U68099229B9;A2699 D2  
6Q09598589B9;A2299 A3  
5W4837330A;A2699 A1  
5GM886373;A9 99 D4  
0261091752;A1999 B2  
5Z08532739B9;A1599 B8  
5Z0853685GGQF;A2 99 I3  
5U48398791NN;A2 99 F4  
WHT006114;A1 99 G2  
5Z4853414K9B9;B1299 B14 
1S0711333FZI5;A1799 B9  
0BH325147;A3 99 D1  
N90281802;A1 99 A9  
N98923602;A1 99 F1  
1K0959126E;A2499 E2  
2G5807248A;B3 99 299 
1JE943021;A2 99 B4  
2Q0820769A;A2299 B4  
5Z0955425B;A1099 B3  
5U4853754D739;B1399 D44 
2G6839910E9B9;A2799 B3  
1133115811;A1799 A9  
ZBA121995B;A1 99 L11 
3G085863382V;A2599 A1  
8D0973822;A3 99 E2  
5NN854959GRU;A3 99 A4  
5Z2955409A;A2999 C2  
5U485332001C;B1299 D15 
030133329AB;A1499 B4  
5U0130295A;A1099 B7  
6EA807394B;A2099 C5  
N10572403;A3 99 G1  
6EC8537112ZZ;A1099 D7  
2G58537613Q7;A1699 C2  
N10628601;A2499 C3  
N90584502;A2 99 E3  
2G5854732A9B9;A7 99 D5  
6EC945312B;A1699 D2  
6EC853687A2ZZ;A3 99 D1  
079103121AD;A1 99 H7  
N10345201;A2 99 F9  
2Q0807300;A2 99 G8  
WHT003861A;A4699 E1  
2GM853273A9B9;A1799 D9  
N0230037;A2499 C4  
5X7827439;A1 99 F7  
2G5805705A;A2 99 H11 
6EA853689CFOD;A2 99 H6  
WHT001938;A3 99 G4  
4H0823543;A1 99 H2  
6EA823535D;A6 99 B9  
2G5854731A9B9;A9 99 E1  
WHT006113;A1 99 G2  
5Z0805931;A1599 D4  
5Z0867299A9B9;A3 99 F2  
6EA839915A;A1699 E9  
6EA853675BSEW;A1 99 H8  
1K0867388;A1 99 D2  
5NA907538A;A3 99 C5  
N90714303;A1 99 G4  
2GM853274A9B9;A3 99 A3  
37388568371N;A1 99 F7  
6EA012115A;A1399 A3  
5Q0919133704;A2 99 A3  
2G0831404A;A2 99 B6  
6EA807453;A1799 A6  
N0116963;A1 99 G3  
5U0853763D2ZZ;A1399 B5  
6EA121284A;A1199 E3  
377823499A;A2599 E5  
6EC8536872ZZ;A2 99 B1  
1U0823397121;A1 99 B4  
5Z0821141BGRU;A3 99 C6  
542937131H;A3 99 I1  
N90698606;A2 99 C11 
377881291A82V;A1899 C2  
04E115611AM;A2999 D3  
2GP8634479B9;A2 99 F4  
5Z0919491J;A2 99 D5  
5U0853630ULM;A2299 C7  
2G5945105A;A1499 B4  
N10261310;A2099 A2  
5Z0919491G;A2599 C4  
5U7853687;A2499 B2  
WHT000729A;A1 99 E3  
431955465A;A2 99 C8  
5GB807393A;A1599 B4  
000012280A;A3 99 H2  
2G5121341A;A1099 A9  
WHT005558;A1 99 F2  
N10695901;A3 99 J5  
2GP012115;B1999 E6  
1SB807248E;B3 99 B2  
N10690201;A2499 C4  
WUR001131;A4799 D1  
2G5121283A;A6 99 C8  
5GB807394A;A1799 A8  
2G5121284A;A1099 D8  
5Z6807863E;B1199 B12 
059121149F;A1 99 C7  
5U7853050B61V;B1299 C8  
WUR001030;A6699 B2  
WHT001922;A1 99 E1  
6EA121283D;A1599 D6  
5X0721165;A3 99 A7  
2G5853761A3Q7;A1799 B3  
6EA853689FOD;A2 99 D4  
5U0405645;A1899 C4  
5Z0919491K;A1 99 E10 
6EA837205KGRU;A1299 C4  
6EA601983C;A3 99 A2  
N91226101;A2 99 E5  
N0203012;A2599 C3  
5Z0807241BGRU;A2199 C3  
JZZ129620;A4 99 B7  
2GY85368569D;A3 99 A7  
2QB885166;A1 99 B8  
N91167101;A2 99 E6  
2114113331;A2099 C4  
6Q0947105MY20;A2199 C2  
WHT000785;A1 99 D8  
5U0807239H;B1699 E2  
N10101001;A2 99 H6  
5W0819465A;A2099 C9  
D001001;A2 99 H7  
2GX807049;A2 99 A6  
2GX807248;B3 99 B1  
5Z48533199B9;B1299 B12 
N10637901;A3 99 C1  
5U0010824N;A2 99 I6  
5U0201293A;A1299 B3  
N90263106;A2 99 E4  
6EC86765782V;A1 99 D11 
6EA945312;A1899 C3  
G052778A2;A4799 B1  
5Z0407152;B1999 D2  
5U7945105A;A2199 D2  
N10256407;A1799 D9  
N10354602;A2499 D5  
2G5809857;A1499 C9  
17A809471;A2299 D9  
5U7919486;A2 99 H4  
N91108201;A2099 D5  
5U6867791B;A1 99 D7  
5Z0805757B;A2299 D1  
2GP853689FDPP;A2 99 H11 
3254223751;A1399 C4  
6EC853687A041;A1 99 B5  
5U4867110E82V;A1 99 E5  
N91235501;A2099 D3  
5Z0853665P9B9;A1099 E8  
2GP853675G041;A3 99 E5  
04C109611;A2299 D3  
6EA807393B;A2099 D5  
32783718711NN;A2 99 F7  
8K0831402K;A1799 B9  
2QB819962;A3 99 I3  
5Z09535091QB;A3 99 E6  
5U0953509A1QB;A1 99 H3  
5U0853665J9B9;A1299 B9  
7H0820749;A2499 E2  
5Z4853050FVGY;A3 99 F2  
6EA867243Y20;A3199 A14 
5Z4837329E;A2699 B3  
2GK853689CDPJ;A3 99 D4  
5W0857538A1NN;A2799 D1  
5U0820159C;A1499 B9  
6Q0411333B;A2 99 E2  
2GX121284;A1499 B4  
2GP807394B;A1699 D6  
N90915402;A2499 A5  
G052150A2;A4799 A1  
2G0810379AGRU;A3 99 E6  
7H0820896;A1 99 E4  
N90954802;A1 99 D9  
N10204808;A1 99 D10 
1K0201375;A3 99 A2  
N91167901;A9 99 B4  
5GB807394;A1099 E2  
5U0807239B;B1699 D6  
5Z4867109A71N;A3 99 E3  
5NN88225182V;A2299 C2  
5Q0121096;A1899 D1  
N10784701;A1 99 G3  
WHT005190;A1 99 C2  
WHT002604;A1 99 E1  
3278071891;A2 99 B11 
N10009207;A2 99 H7  
N10106905;A1 99 G4  
6EA837088A9B9;A2599 A3  
2GP807393B;A1099 C5  
WHT005538;A1 99 F2  
N91204501;A3 99 F3  
5U4839477A5AP;B1399 E5  
5U7945312;A2 99 I7  
6EC853665A041;A1499 C1  
2G5853689CFOD;A2 99 C3  
5Q0035507K5FQ;A2299 D2  
2QB411105R;A1299 E9  
6EC853689DFOD;A1 99 E11 
6EC853688CFOD;A3 99 H2  
6EC853689FOD;A2 99 I2  
N10706901;A2 99 I9  
2GP854375A9B9;A2 99 C2  
N90754302;A1 99 E8  
867809966;A1 99 H9  
5U7860147KN2;A3 99 D1  
N91186304;A2599 C1  
5Z0807241C9B9;A2399 D9  
5U7807394;A1499 A3  
5U485331401C;B1299 B11 
N10753101;A3 99 C6  
6EC853688AFOD;A2299 D8  
6EC853688FOD;A2 99 H1  
5Z1857538D9B9;A2799 D4  
2GX807050;A3 99 A5  
1T0863727;A2 99 D10 
5Z6945105B;A2299 D9  
1SB853768BP3G;A1899 B3  
1SB121283J;A1699 B8  
5U7860148KN2;A2299 D8  
5Z9945312;A1 99 D7  
ZBA809763;A2599 A3  
5Z0853695;A3 99 B1  
5GB807049A;A2499 D4  
867129669;A1 99 B2  
1T0919133C9B9;A3 99 A3  
1J0955875B;A3 99 A5  
2G5121283;A1999 C7  
5Z0853273F9B9;A2299 D9  
ZBA863973;A1 99 B6  
5Z6853675GQF;A1 99 B4  
5Z0698545;A1 99 B1  
6EC854376041;A2 99 G6  
8K0845867;A1 99 D2  
5U5853675739;A3 99 I2  
N10741301;A1 99 H10 
5Z0919491H;A1899 C5  
WHT007662A;A2 99 B7  
N91096701;A3 99 I5  
V04010036E;A1 99 G4  
6EA863513;A1 99 F5  
5U6945300;A3 99 H4  
2GP839916;A2299 B8  
2GP823302;A1399 B5  
2G5821135GRU;A1799 D6  
N10332002;A2599 A4  
5Z0919491L;A1 99 I11 
N90740302;A1 99 C6  
5Z48533139B9;B1299 B17 
6EC823707A;A1799 B3  
N90686701;A2 99 E3  
2GP863739TR2;A1 99 F1  
N10528602;A2499 E4  
4N0201553A;A2 99 C10 
1138572191;A2499 E8  
1K0423933;A2 99 A11 
5W0012219;A2 99 I5  
N10401801;A2 99 D7  
2Q0615311;A7 99 B2  
377881292A82V;A2099 B5  
6EA615123A;A2999 A2  
6EA853688JFOD;A3 99 F5  
N10711301;A1 99 F3  
377199419;A1 99 G8  
3058218951;A1 99 F4  
WHT004994;A1 99 A2  
5U7853665A9B9;A1199 D2  
5U1857968A71N;A2899 B9  
N10261503;A1 99 J11 
5U7945105B;A1499 D3  
N90353604;A2 99 A9  
2GP853675B2ZZ;A2 99 B9  
3278233971;A2 99 I7  
5Z48533209B9;B1299 B13 
BJZZ700Q2;A3699 D3  
1K0881449;A1 99 B3  
2Q0615611;A9 99 B2  
5W0860173B;A1 99 G11 
032198491A;A1 99 A1  
5W4837085F;A2199 C2  
5U4839330A;A2699 E5  
5Q0698311;A3 99 G5  
5Z0853273A9B9;A1699 C1  
5Z0853601AFDY;A2299 D6  
5P0972724;A2499 D1  
N91017602;A1 99 E10 
038121119B;A2 99 B10 
1K06011739B9;A3 99 G2  
6EA837206M9B9;A2399 E3  
2GX85305061V;A2 99 H9  
1S0853274B5AP;A2099 A5  
547615273A;A1 99 I9  
5NN854732A9B9;B1599 F6  
12E407298;A3 99 E2  
WHT004834;A1899 D4  
N0111893;A2 99 D4  
377412131;A2599 B2  
2GY945106;A1999 A3  
N02107410;A1 99 J11 
5Z6945311;A2099 B5  
5Z0698545A;A2399 D1  
6EA837915A;A1099 D5  
6Q6955435D;A2299 E3  
N91008001;A2399 B6  
N91225101;A2 99 A7  
5U0405625;A1699 C4  
N10623701;A2499 D7  
5Z6945312;A2099 C4  
N90761103;A2499 A5  
WHT002109;A1 99 G1  
321201375A;A1899 A1  
6EA837087A9B9;A3 99 H3  
5U4839329A;A2699 E4  
N90910102;A2 99 I9  
5G0867633;A2 99 D7  
2GY853687041;A3 99 C7  
WHT003491;A2 99 D6  
5U0915345;A2499 E9  
WHT007697;A1 99 B3  
N90320701;A2 99 D4  
5U7919492A;A3 99 C3  
068129644D;A1 99 B1  
2H6012766NB;A1799 D8  
WHT004973;A1 99 A2  
101905617A;A3 99 B1  
N91267301;A2 99 D8  
N91203801;A2 99 A8  
N90816301;A1 99 D11 
03L130318;A2 99 E9  
1SB121284G;A1599 C9  
5Z0820160A;A1499 B4  
1SB121283G;A1599 C7  
5Z6945311A;A1 99 E10 
N10745101;A3 99 C3  
5Z0837187D9B9;A3 99 B1  
N90897308;A2 99 D5  
5U0010014B;A2 99 B10 
036129530;A1 99 B8  
N10776501;A1 99 J11 
2GP807393C;A2399 C3  
058905291N;A2299 E8  
1M6867574A;A1 99 F1  
2G0711333A041;A1 99 C1  
3D0955485A;A1 99 D1  
5U0823729A;A1 99 D8  
1J3881634B71N;A2 99 D1  
8E0260749B;A2499 B3  
2QB885649C;A1 99 A1  
5X4837919;A1 99 F9  
2GX853050CY3D;A2299 C8  
N10784801;A2 99 F8  
377853708C;A7 99 D4  
N10106402;A2499 A5  
ZBA820559;A1799 C9  
N10516801;A2499 C1  
6N0839511;A3 99 F5  
N10510301;A2 99 A6  
WHT003207;A1 99 B1  
5U5807394;A1799 C1  
2119559751;A2499 A3  
1J0721153;A2 99 E9  
N10628201;A2099 E5  
N02300212;A2499 C3  
5NN88225282V;A1 99 F11 
N91146801;A2499 C5  
2GM809471GRU;A2 99 B4  
377512117;A1 99 C5  
2G58532749B9;A2399 C4  
2G5853688CDPP;A2299 B6  
N0147068;A1 99 J3  
2GP807394A;A2399 B1  
2G58532739B9;A2099 B2  
5Q0927165G;A9 99 A1  
1SB853687739;A2 99 D1  
2G5853343;A2399 D3  
5U7807393;A1499 D3  
WHT008046;A1 99 B3  
1HM010038;A1 99 E4  
5Z086710971N;A2 99 F9  
N90770201;A1 99 E3  
N91105501;A3 99 E3  
5U3837329D;A2699 E6  
N91066101;A2 99 C8  
N90926401;A2499 D4  
5C68573049B9;A2 99 E7  
N10591501;A2 99 F9  
N90180902;A2499 D4  
N90067202;A1 99 H8  
N10286205;A2 99 F11 
1J3881633B71N;A3 99 H5  
2GP8575939B9;A2399 A1  
1M0839059A;A2 99 I2  
5Z0953247A;A2499 B2  
V04010036F;A2 99 C1  
V04010036G;A2 99 I1  
5U0867299Y20;A1 99 H3  
N0195308;A1 99 D4  
6EA010000B;A3 99 C4  
6Q0423088;A3 99 E3  
857407473A;A2399 B6  
5U7860148BKN2;A3 99 B7  
030115611AB;A2899 B8  
N10675602;A1 99 H7  
1J0615229;A1 99 G11 
5U7860147BKN2;A6 99 B2  
2GP8374775AP;B1399 D8  
5U0010014H;A2 99 D7  
N10456004;A3 99 C3  
WHT005518F;A1 99 E2  
N90008401;A2099 E7  
N90847201;A2499 C4  
5Z0853343;A3 99 D6  
6EA853666A9B9;A1199 D1  
6Q0804184;A1899 E5  
6EA809933;A1899 E4  
5U0612337B;A2 99 F4  
5Z0809931;A1 99 C4  
2GP881776A;B2099 B3  
N10661801;A1 99 D5  
N90969901;A1 99 H10 
6Q09598559B9;A2099 D7  
8E0955465A;A2 99 C9  
1SB809961A;B2799 A8  
1JE82359301C;A2499 B3  
1S0864919;B2099 B6  
WHT003741;A2 99 I2  
N0385494;A1 99 C11 
5U0863861A;A1399 C5  
N10186301;A2 99 H2  
N90874703;A2299 C6  
1K0711522;A2 99 C7  
N90757901;A3 99 F4  
5U0805583D1NN;B1599 E1  
N90895201;A2 99 H7  
377809373A;A2 99 I9  
030103113;A2 99 C5  
373881353;A1 99 F8  
5Z0010008;A2 99 H5  
000979038E;A3 99 B5  
N90362001;A2599 E1  
N10169201;A2 99 H8  
5U0881275;A3 99 A1  
5U7809910;A1 99 D6  
377971926A;A3 99 C5  
5U0915429;A2 99 A2  
2GP819403B9B9;B8 99 B3  
5U0035935;A1 99 B4  
5Z0201231;A1 99 F11 
N91037901;A1 99 H9  
WHT001163B;A1 99 C1  
N10776001;A9 99 E4  
N10318001;A2 99 B7  
N01508210;A1 99 B5  
N10569501;A1 99 G4  
1K0711067;A2 99 I8  
WHT004638;A1 99 I1  
N10642101;A2499 A5  
5U0010874C;A2 99 D8  
N0221466;A2399 B6  
02M301189L;A1 99 E1  
N91130401;A3 99 B6  
N91147701;A3 99 B5  
N10552402;A7 99 A4  
5NN807394A;A2499 E9  
6EC853767C5ZT;A2499 D2  
5U0422407;A2 99 C10 
6EC8532739B9;A3 99 E5  
5Z0867299A71N;A1 99 D3  
5U785341561V;A2799 C6  
N0150816;A2499 E5  
N91090701;A3 99 F3  
5Z0810971D;B2699 A8  
5Z3860173;A2 99 I4  
7P6853910A;A1 99 I1  
N10106403;A2 99 F3  
032103161K;A2 99 D6  
N10246611;A2499 A6  
N10295101;A1 99 L11 
6EA819404B9B9;B2299 E3  
5U7919491R;A3 99 G1  
5U4839167;A1899 D5  
WHT007127;A1 99 A3  
D169300M2;A4799 D1  
N90814001;A2 99 I4  
5U0010004;A3 99 I4  
N90978403;A2 99 A8  
N90983002;A2 99 G1  
N91118201;A2 99 C7  
N90972201;A1 99 C9  
5Z6827799A;A2499 D1  
6EA853767A2ZZ;A1699 E7  
5U7809921E9B9;A1299 D7  
D00920002;A8 99 I2  
17A837088;A1 99 E11 
N10653102;A1 99 E6  
5U0201827;A2099 E4  
N10609204;A3 99 J1  
N10261502;A1 99 E7  
N90871301;A1 99 F6  
N0901794;A2499 B6  
N10668401;A1799 E4  
N90815903;A2599 A4  
N0195038;A1 99 C4  
5Z0201693;A2399 D5  
6EC945311B;A3 99 L1  
ZBA201689;A2499 D5  
N10619201;A1 99 C6  
N10209007;A2499 A6  
WHT004141;A1 99 J11 
2H7010004;A2 99 E4  
N90438805;A3 99 A1  
2GX86335982V;A3 99 G1  
ZBA803583A;A2 99 F5  
N90598804;A2 99 A11 
ZBA803583;A1 99 D6  
1SB857561Y20;A5 99 D4  
377419549A;A2599 D3  
N0282061;A2599 A3  
026103139;A1 99 F2  
3077215771;A2 99 E8  
WHT003431;A1 99 H1  
4B0867276A;A2 99 F9  
06L103801;A2299 E5  
07K133742;A2299 C9  
3C08645219B9;A3 99 D2  
N90183803;A3 99 D3  
376827931A;A1 99 A9  
N10657001;A3 99 B1  
6Q0881171A71N;A1 99 D5  
311601367;A2 99 A10 
2Q0423933A;A2 99 A3  
5U78536669B9;A2899 B3  
N91034501;A1 99 G7  
N90798805;A1 99 B1  
N10668001;A1 99 A10 
WHT001835;A1 99 D1  
5U0010824D;A1799 C9  
WHT002501A;A1 99 G1  
N10184203;A2 99 F5  
1S0711333C9B9;A1 99 G6  
N90074404;A2 99 I11 
N10737101;A2599 D3  
21183723911NN;A3 99 C6  
N10338903;A2 99 G10 
059121043F;A1 99 D3  
5U7945311;A3 99 L1  
N01118410;A1 99 G3  
6EA601983B;A1099 C2  
5U0010824B;A3 99 C2  
N91096801;A1799 E6  
N02300311;A2499 C5  
6Q0121120E;A1 99 D1  
N10656902;A2 99 C9  
G052135A1;A1099 D4  
D00940104;A4799 A1  
5GB919493B;A2599 E9  
WHT008587;A2 99 F6  
5428677801NN;A1 99 A9  
377711333A;A1 99 H4  
86590904;A1 1  A1  
26296014;A3499 E4  
87712BX000CA;A1 1  A1  
66321BX000;A1 1  A1  
5U4809606EGRU;C6 99 A1  
5NN867244ARM5;A2999 E3  
5NM857521A;A9 99 A5  
5NN807521EGRU;B1199 A1  
5QF973707A;A1 99 E5  
0BH317019F;A4699 G4  
2H6199256C;A2799 C2  
17A86804082V;A2299 A2  
17A881314A82V;A1799 A1  
5NN853677J041;B7 99 A4  
5NA853688D2ZZ;A2099 A6  
2H6898490ARYP;A1099 E1  
7N0615125;A2199 D6  
04E127026BJ;A4699 E2  
5TA837491;A3 1  D3  
3G0807109AB;B2 99 D5  
5NN867062AHR9;A1699 A9  
2Q0907361C;A1799 A2  
3Q0199262M;A2699 D5  
000019819C;A1 1  A1  
5Z4857706ADRYV;A3199 C7  
5NN8078332ZZ;A2799 C1  
5NA955103A;A9 99 A1  
N91108901;A2 99 H4  
5NN827506;A2399 B5  
5NN807521F9B9;B1199 A2  
5NN807568BYE4;B6 99 A6  
5NN807241A041;A7 99 F3  
5NN853211A9B9;A1199 B2  
5NN853212A9B9;A2599 B4  
5NN805588K;B3 99 D1  
5NN8059039B9;B1099 A5  
17A868837A82V;A3199 D4  
5Q0881703A;A2899 C3  
17B858415B82V;A1699 D1  
17B8584193IJ;A2 99 C2  
17A864761B;A1599 B7  
5NN807482B041;B5 99 A2  
5QM407254;A2299 A3  
17B86304582V;B7 99 A2  
2G0853273A9B9;A1899 D5  
2K5853600DPJ;A1599 C2  
5NA85863482V;A3 99 D3  
JZZ698151AJ;A2999 A7  
5NN853665G041;A2799 B9  
2H0868565EY20;A1199 B4  
5NN8548209B9;B1599 A1  
2GA947105SEKW;A1599 C2  
5Q0121251HS;B4 99 B4  
5NN853212CGRU;A1499 A5  
5QF505223C;A2799 D3  
5Q0951223H;A1399 F1  
5Q0513353L;A8 99 D3  
5Q0407183K;A1899 A4  
5QM407253;A2999 D5  
5NN807217AEGRU;A5199 A1  
6EA064317J;B1299 D6  
6C0035454;A2299 D7  
4438578479B9;A1 99 B4  
5NA8536872ZZ;A4 99 F3  
5Z6817111DGRU;A2199 A1  
5GB919493C;A3 99 E4  
5GB919494A;A3 99 H5  
5NN941006;A3299 A10 
5NA827566D;A4699 B3  
5NA845201;B3199 A1  
5NA853332A2ZZ;B1399 C19 
5NA821105;B1199 C2  
5NA821106;B1199 C1  
5NA85863382V;A2 99 A8  
5U0511115F;A2799 E2  
5NN867243A82V;B1499 D4  
5NN86759182V;A2899 D1  
5NN86765782V;A2 99 I2  
5NN86729182V;A1499 C3  
5NN8812539B9;A3 99 D6  
5QF413031AQ;B1 99 B2  
5NN858559C82V;A2999 B3  
5U1863011BRSH;A2699 D2  
6EA945258;A6199 D4  
6EA867211JQAQ;B1299 B18 
5U1857003SPEA;B3199 A1  
5Q0825202AD;B1099 A1  
5U6813327A;A1399 B1  
JZZ198015D;A3199 A7  
5Z4881045R;B2399 G3  
7P6945701L;A2399 A4  
5U0951205G;A6299 D1  
6EA867428B1BS;B1299 C4  
5NN853101BGRU;B1399 C15 
2QB2015539B9;A2399 A5  
6EC809605GRU;C4 99 A1  
5QN511115D;A9 99 C3  
2H6511197;A2 99 H4  
17A919492;A7 99 D2  
17A805911B;B2799 A9  
5Q0200059GB;B2299 D4  
3G1819404E9B9;B2299 D2  
5NN837879GRU;A1 99 H11 
17A919491;A7 99 C4  
17A805705D;B1199 B2  
17A919492A;A5 99 F5  
17A827301;B1999 E3  
17A827302;B1999 E4  
17A82752082V;A1 99 D2  
17A827566;A1099 C2  
5NA919399GRU;A5 99 B4  
17A945311;A1199 B1  
17A8399029B9;A1399 C8  
N90584102;A1 99 D3  
5Z4857706ADRAA;A6199 E1  
5GM601025TZ49;B2499 A1  
17B927225A;A2499 B1  
17A945312;A4 99 J5  
17A951115A;A9 99 A3  
17A953509AECU;A1 99 H8  
17A955453A;A6799 E4  
17A805912D;B2799 B10 
5NN807049;A1999 B4  
5NN8633309B9;A2099 A2  
5NN8538412ZZ;A1299 B3  
5NN854731A9B9;B1299 B2  
5NN845011ENVB;B3199 A1  
5NN857537GRU;A2899 D2  
5NN857538GRU;A6099 B2  
5NN854819A9B9;B1599 E6  
5NN853101A2ZZ;B1399 E24 
04E121119AN;A1 99 H6  
5NL860044ZAQ;B1099 B5  
5NL945095A;A8199 D1  
5NL919491;A7 99 G3  
5NL919491A;A2 99 H10 
5NL919492;A1 99 E5  
5NL919492A;A6 99 I1  
5NL941700;A3099 D1  
5NN807050;A9 99 D1  
5NN807305;B1 99 C1  
5NN807393;A1099 B5  
5NA945106A;A2599 C3  
5NA919493D;A2599 D3  
5NA945103;A6 99 E3  
5NA945104;A1 99 E1  
5NA945105A;A2199 E3  
5NA827427;A1 99 B5  
5NA867276B;A1 99 D11 
3Q0411303N;B1099 B28 
3G8867660;A2399 C8  
06L115678Q;A1 1  A1  
N0210719;A1 99 E8  
5NL810035;A1699 C9  
5NA805912AD;B2699 A11 
5NL845042FNVB;B2299 B3  
5NL8533342ZZ;B1399 D1  
5NN857507AH9B9;A6399 C4  
5NN857508T9B9;A6199 D2  
5NA821184;A1899 A4  
5NA035577F;A2599 D1  
5NA601025B8Z8;B2599 A1  
5NA821135C;A1399 A8  
5NA821136C;A1399 A4  
17A821136;A2599 E3  
2QB698525A;A6199 C4  
2H6898489ARYP;A2299 B12 
1S0971582;A1099 B3  
2Q5813116GRU;B8 99 C2  
5G0945087B;A3199 B9  
5Z0919051AJ;A5499 E3  
2G0711503DRDH;A1099 C5  
5Q0906457K;A2099 B8  
5K0953259B;A1799 D9  
6EA945096;A3499 E3  
6EA823509;A8 99 D4  
5Z4831056HGRU;B6 99 C1  
5Z4833055HGRU;B7 99 C3  
06K103600AA;A2499 C3  
17A857521H;A1199 B4  
5NN823031B;B4 99 C1  
5NA943021;A4 99 C1  
17A857507AQ9B9;A3199 E11 
5NA853675DMGM;A1 99 B10 
5Z3831055JGRU;B7 99 C5  
5Z3831055LGRU;B5 99 C2  
5NN8548199B9;B1299 B1  
6EA819403B9B9;B2199 D2  
6EA854930;A2599 A1  
5Z0905851H;A1099 D5  
5Z0721153A;A2 99 H9  
5Z0721173C9B9;A1599 E3  
6EA945095;A8299 A1  
5QF803219A;A3 99 G3  
2G0863801A;A2699 C7  
N01111818;A1 99 E3  
5Z0721647;A4 99 F3  
5U08378799B9;A1 99 E6  
17A853630FOD;A5 99 G2  
2G0941662B;A3099 A7  
2G186348482V;A7 99 B4  
2Q0927903E;A1899 C3  
2QB498099B;A3199 B11 
6EC601025FZZ;B2499 A1  
6EC827025GRU;B8 99 B1  
2Q0825711;B4 99 B2  
6EA941005B;A3299 A15 
6EA853651C9B9;B2999 D1  
6EA85841881U;B1999 A4  
04C133352AA;A2299 B10 
2QB511121G;A1 1  A1  
04C129601K;B1799 A3  
5U6867791A;A2499 B3  
6EA863934;A1 1  A1  
6EA061163;B1099 A5  
02T311158AP;A1299 A2  
2QB498201B;A1 1  A1  
6EC945094;A3099 B2  
04C105269Q;A3799 C2  
6EC863367AME6;B1099 A6  
5Z0407615A;A2399 B1  
5U0867110D82V;A2499 C2  
1S0121253AQ;B7 99 B3  
17A813301;B9 99 B6  
1K0971908E;A2599 B3  
17A805588D;B3 99 D2  
5U0513025R;B1 99 B3  
5U0927903J;A5599 A4  
5G0941662G;A6199 D1  
5G0941661G;A3199 D11 
5U7827129E;B1099 A2  
1S1721453B;A3 99 B7  
JZZ955425A;A2999 C4  
WHT003214;A1 99 H1  
5C6831056K;B8 99 C5  
6EA711113MIS;A1299 A1  
1S0407256C;A2899 E10 
2H68984899B9;A1899 C9  
6EA867287BY20;B8 99 A2  
1SB959655B;A2399 E8  
5NN853665F041;A2899 D1  
5NN853101CGRU;A2599 A9  
2QB501545C;A2899 C5  
6EC807377A;A1699 D8  
5NN853369LESN;B7 99 A1  
5C6810773K;A1099 A1  
2G0907057EEYW;A4699 E1  
5K4839016M;A2899 A8  
5NM857522A;A1099 D1  
5U4809605EGRU;C4 99 A1  
17A8536779B9;B1099 B18 
17A945096A;A8399 B9  
17A807454;A2499 C4  
17A807723;B2099 D6  
17A807863;B1199 B21 
5NA919400GRU;A8 99 B2  
5NN853666C041;A1199 E8  
17A807453;A2599 B10 
5U4012766AA;A1799 D8  
JZZ198015;A3199 A11 
17A867071ARM5;A2099 E2  
5Z0805606BGRU;B1999 D4  
5NA853651GZLL;B5 99 A3  
5NN854940AGRU;B1199 B40 
17A8379029B9;A1299 C3  
17A837480A;B1399 C4  
17A8374785AP;B1399 D21 
17A8374775AP;B1399 D10 
17A807441GRU;A1 99 I3  
17A8059159B9;B5 99 A1  
17A807183;A1899 B4  
17A807184;A1899 D2  
17A807248D;B1199 B44 
17A807375;A2499 C11 
17A807376;A2599 B1  
5U0601025AJZ31;B2499 A1  
5N0253609BD;B2899 A1  
2H68984909B9;A7 99 B2  
5U0853763JP3G;A2199 E2  
5QM412249;A2499 E3  
3G1819403E9B9;B2299 C4  
6EA858418ARSK;B7 99 A1  
6EA615123;A6799 A1  
2G0927163;A3 99 F6  
06L121441B;A1 99 B2  
5U0867109D82V;A8 99 D2  
5G0853651HZLL;B1199 A3  
000979255E;A9 99 A3  
1SB253181G;B2899 A1  
5GM839699D;A1599 E4  
5GM839700D;A1499 D7  
2GB971051;B4 99 B1  
5Z0721174C;A1399 E2  
3G8857551C2ON;A5999 A3  
3G8857551C3OP;A1999 C4  
3CN945229;A2499 C4  
2SD825205;B1999 B4  
22D817163GRU;A1 1  A1  
2GP817123GRU;A1 1  A1  
2Q0615307;A1 99 A4  
2GP823723;B1599 B1  
2GP809851GRU;B1099 C4  
2GP809909GRU;A2699 B8  
2GP121284A;A1999 B8  
2GP8071569B9;A4 99 C1  
2GP8071559B9;A2199 B2  
2GP825253;A2399 C4  
2GP867911A9B9;B1899 C5  
2GP853764A041;A1899 A3  
2GP831056PGRU;B6 99 C3  
6EA820045CQHU;A5399 B2  
2GP831055PGRU;B5 99 C5  
2QW814149GRU;B9 99 C6  
2GP823531;A2299 A3  
2GP498099;A6399 D1  
2GM927163;A1199 D1  
1S0881469KJ1;A1 99 C8  
WHT003863A;A4699 E1  
2GP819704AEDW;A1199 A4  
2GP807217AGRU;A5199 A1  
2GP864253;A1 1  A1  
2G1867255MKJ1;A9 99 C6  
2GP919492;A2 99 F6  
2GP867212TCZ;B1299 B18 
2GP863680ATCV;A1499 A5  
2GP858831ATR2;A2499 A4  
2GP858832AKJ1;A2499 C9  
2GP8533322ZZ;A1099 A3  
2QB253181AS;A1 1  A1  
2GP919397GRU;A7 99 C1  
2GP8537632ZZ;A7 99 E3  
2GP833055LGRU;B6 99 C1  
2GP819728AEDW;A3199 A5  
6R1823533KJ1;A1 1  A1  
2GP867601KJ1;B9 99 A4  
2GP867244ATR2;A1 1  A1  
2GP8197289B9;A5999 C4  
22D877231;A2499 A7  
3ED877459;B1899 C6  
2GP837439G5AP;B6 99 A2  
2GP805911A;B2799 A4  
2GP805912A;B2699 A10 
6F9867815;A3 99 G5  
5Z0959655D;A4699 D2  
5Z0413031CA;B2 99 C6  
6EA615425;A1 1  A1  
6EC867212GUOO;B1299 B18 
2H6927804;A4699 F3  
5Z0413031BT;B2 99 C5  
5U3012766AC;A2199 B3  
5NA853675J;A4 99 F4  
5NN8074419B9;A4 99 B1  
2G4867012QVGK;B1299 B18 
APR057005TP;A1 1  A1  
5U0010014E;A1799 E6  
5QM121251Q;B4 99 B2  
6EA861513A;A2399 C4  
JZZ698302D;A3699 C2  
5U1857003ACUGU;B3199 A1  
04E906032AK;A1399 B5  
3Q0498099A;A2199 A1  
6EA857807BRAA;A2899 D4  
17A853651ADCEE;B6 99 A6  
5NA854327D5AP;B1399 E49 
16D839462;B1999 D3  
5U0407272R;B3599 A1  
6EA867287B82V;A1 1  A1  
6EA867288B82V;A1 1  A1  
2QB253181BB;B3299 A1  
1S0121407J;A2599 B5  
3AA998275A;A1 99 J4  
5QN614726B;B2099 D2  
5QN614725B;B1399 B20 
17A857933A;A2599 E2  
WHT009439;A1 99 G11 
5U0920865K;A1 1  A1  
5U0121051L;A1299 D6  
059145215N;A4 99 C2  
5U7864459M;B9 99 A3  
JZZ115561A;A4 99 D6  
04E145933AG;A3899 B2  
6EA867501CF68;A1 1  A1  
2Q0614749H;A3699 C2  
5U4898010JPEM;B1299 B18 
2GP863250;A1999 D2  
2GP863459BKJ1;B1499 F4  
2QB513049K;B2 99 C2  
6EA827489;A1 99 I10 
WHT008867;A1 99 G11 
2QW937089A;A1 1  A1  
2GP941005B;A3399 D10 
2GP863011ATGW;A6999 B4  
2GP853675C2ZZ;A3 99 G4  
5Z0809961N;B2699 A8  
5Q0820803R;A2899 E7  
5Z0698525D;A2399 A4  
2G5805567;A9 99 E3  
2H0698647A;A2 99 F1  
1S0881480G82V;A1699 C8  
2QB612041;A3499 B5  
5Q0713128A;A1099 B5  
059130141N;A8 99 D2  
06L109021S;A1 1  A1  
2QB915181;A1299 C1  
2H7839762M9B9;A1 1  A1  
17A919493;A3 99 D2  
2QB407272AG;B3599 A1  
2GP95540903C;A3499 D2  
2GP95541003C;A3499 A2  
2GP95570703C;A1 99 I10 
2QB407271AG;B3599 A1  
2H6941699B;A6399 B1  
2H0804969;A2199 E6  
1SB819403A9B9;B1999 C3  
5GM601025L8Z8;B2499 A1  
2GP837915;A2499 C9  
2GP837916;A2799 C10 
2GP837973A9B9;A1499 A3  
2GP839477A5AP;B1399 D27 
2GM837902D041;A1199 B2  
2GP8374785AP;B1399 D36 
2GP837902B9B9;A2699 B10 
2GM837901D041;A2399 C5  
5Z0419091CQJFB;B2199 A3  
2Q0411303C;B1199 B7  
2GP867171KJ1;A2299 A5  
JZZ998002C;A3199 C1  
2Q1820021A;A2899 C11 
6EA898105A;A6199 C2  
JZZ998002E;A3199 E2  
5Q0937086BR;A5899 B4  
5U0010014D;A3 99 G1  
17A857706RAA;A5399 E3  
17A857705RAA;A5599 B3  
5NN867011ADHXJ;B1299 B18 
17A012766AA;A1799 D8  
1SB819404A9B9;B1499 E2  
2QB201294;A1199 B3  
2QB122109G;A1199 B2  
3Q0825236C;B7 99 A6  
1SB857706DRAA;A3199 E6  
17A839904B9B9;A1399 C7  
5Z6955435A03C;A2 99 G10 
2G0998225;A3 99 C2  
2GM998478A;A1299 E5  
5G6959752CJAIF;A4699 D1  
2GM998478;A1099 E4  
5U0941431DTKK;A1099 B1  
2H6941700B;A5899 B1  
6EA864273;A1299 A5  
2Q1819021A;A5299 A2  
2QB010006;A2199 D4  
5Z4857705ADRAA;A6199 D2  
5U0422893M;B2099 E2  
17A810690;B1999 C3  
17A927238CWZU;A2499 A7  
17A945105;A2199 E4  
17A945106;A1499 D4  
17A945309;A1399 C4  
17A945310;A1099 B5  
5QM407152B;B2199 D2  
5Z4809409GRU;B9 99 B4  
17A810689;B1999 C5  
17A813309;B1099 B31 
17A945095A;A8099 B7  
17A945093C;A8299 B3  
17A945094A;A8099 B4  
5NN941113C;A3499 A8  
5NN941114C;A3399 E8  
5Q0122101FR;A3499 F3  
5Q0199262BN;A2799 C1  
5QM121205P;B7 99 B6  
5G0821111C;A1399 E9  
992941571AC;A4699 B2  
2GP853371BKJ1;B1099 B8  
2GP857705ARAA;A5799 D1  
6EA920740C;A5999 D4  
2QB711951K;A1099 C8  
2QB711952K;A1099 D8  
2H7858638D82V;A1599 C6  
6EA837206GGRU;A1499 A6  
17A853675FJZQ;A2 99 D3  
3G0012766AG;A2099 C2  
2QB122447C;A2499 B1  
6EA837205GGRU;A1299 B5  
2GP837462A;B7 99 B1  
2GP010000;A1 99 E7  
2GP867071ATR2;A8 99 G4  
2GP837461A;B7 99 B2  
1SB853675B2ZZ;A1 99 E9  
6EA955409;A2699 A10 
3G1857507FQ9B9;A5799 B3  
2GP854939B9B9;B1199 B28 
2QB201055AE;B3299 A1  
2GP867071AKJ1;A2399 D7  
5Q1905865A;A1199 E4  
2GA947290TCK;A1399 C1  
2GA947290ATCJ;A1099 A4  
2GA947105STCK;A1599 B3  
2GP867071KJ1;A2399 A7  
5NA945208F;A5299 E4  
06H115418AA;A5 99 C3  
6EC810971A;B2699 A4  
17A807217KGRU;A5199 A1  
17A853666B041;A2899 A3  
17A827933GRU;B1499 C1  
2GP601025ADM9;B2499 A1  
80A881105G;B1099 D2  
06K115243AB;A4699 A2  
17A853688AJZQ;A2 99 B2  
17A807568F9B9;B1599 B6  
5K0837202DDINF;A1 1  A1  
1S0881606CKJ1;A1 99 A1  
17A853688JZQ;A1 99 B2  
1SB121284J;A2399 C4  
06L127025T;A1299 A1  
17A919493C;A1 99 H11 
17A810971A;B2699 A10 
5G0837599D;A1 99 C11 
5Z0919673P;A1099 A1  
2GP998002A;A3199 C4  
2GP945105;A2399 A8  
2QB122051C;A3499 E5  
2G0907057FEYW;A2899 B2  
2GP971095;A1199 C5  
2GP971095A;A1199 D1  
2GP809411GRU;B6 99 B1  
2GP813301GRU;B9 99 B5  
5Z9833055FGRU;B4 99 C1  
2GP837476B2MG;B1399 C3  
6EA839168DGRU;A7 99 G1  
2QB121049P;A2699 A10 
2GP8379359B9;A3 99 B4  
2GP853537UKS;B1299 B13 
3C0864521KJ1;A2599 A2  
2GM998225;A2399 D5  
2GP857121TR2;B2199 A2  
2GM927132SWHS;A2299 B8  
2GP867427EXN5;B1799 A2  
6EC035453;A2799 D2  
2GP8532369B9;A2499 A7  
2GP601025Z31;B2499 A1  
2GM959839UPA;A1 99 A5  
2GP971104C;A6 99 A6  
2GM813319GRU;A1199 E5  
2GM813320GRU;A1399 E2  
2GM810135AGRU;A1 1  A1  
2GP857504TR2;A1799 C3  
2GP863919A;B3199 A1  
2GP857101ATG3;B6 99 B6  
2GP867927TR2;A1199 C1  
5U0513025N;B1 99 B1  
1SB853316C9B9;B1299 D13 
5GM839432J5AP;B8 99 B1  
04C103101C;A2199 A1  
5N0853675MCWB;A1 99 I2  
5Q0615301H;A2299 C1  
06L117021G;A4699 A2  
5Z4854950JFF;A2599 A4  
5GM941006D;A8499 B4  
2H6853651CLDB;B1199 A2  
2H6853630DPJ;A1199 B4  
2H6907273;A1 1  A1  
5Z9853701A9B9;A2399 C8  
5Z0807833DGRU;B1399 F34 
2H6807094B;B5 99 A2  
2H6805904B9B9;A1899 D9  
2H6805903B9B9;A1499 D9  
1SB807258B9B9;A2699 A2  
1SB807417GGRU;A5199 A2  
1SB035936;A2399 A5  
1SB806333CEL7;B1199 B36 
1SB807415A9B9;A2799 C8  
1SB807258C9B9;A1599 A7  
1SB941015F;A3299 E13 
1SB857508F9B9;A6199 D1  
059131358G;A6 99 B2  
059130120;A2 99 E10 
059129717S;A2499 A2  
1SB955426A03C;A2999 D2  
06K109158BS;A2 99 B1  
517823633B;A8 99 E5  
5Q0906379;A3 99 A4  
5U0857713BHCP;A2999 A5  
1SB853102BKZ3;A1899 E1  
5Z6807421AKGRU;A5199 A2  
5U7857508G9B9;A6899 C1  
5C6820178;A4 99 E3  
5C6820178B;A1 99 C6  
1SB853665CKZ3;B8 99 B3  
5U7857507G9B9;A6799 C4  
5G0010029J;A5 99 E2  
0AM927377;A4 99 D3  
5C6945094K;A8299 B4  
7N0831402B;A3 99 G3  
1K0951605F;A1 99 A11 
5C6805911J;B2799 A6  
059103161AT;B1299 D12 
5U0803261GRU;B8 99 B1  
5U6853502B9B9;B1599 C1  
03L131511Q;A2899 D6  
5U0810125AGRU;B1499 D5  
04C103601M;A6599 A1  
5U0906357;A2 99 C10 
5Q0260839B;A4699 A4  
7E0919475AA;A1 1  A1  
7N0955609;A6 99 D3  
2H6601025D8Z8;B2499 A1  
2H6853727GRU;A2699 C9  
06K103495AP;A5399 B4  
2H0857521S;A1399 B3  
5U1820827GRU;A2099 D5  
06J903133D;A4699 D4  
5C6945096N;A3399 A3  
5GM807863D;B1199 B18 
1SB853102B2ZZ;A1899 D2  
5Z0500051F;B1199 C7  
5Q0512297J;A3 99 F3  
1S0615301L;A8 99 B4  
5Z6807421AGGRU;A5199 A2  
1SB857002SLCU;B3199 A1  
1SB853101BKZ3;A2299 B8  
1SB853101B2ZZ;A7 99 H3  
5Z0941205C;A3299 C2  
5Q0407721D;A1299 A9  
1SB945095C;A8399 A9  
1SB601147AZ31;B1799 B3  
057103147A;A1 99 I4  
3G5833056AC;B5 99 B1  
5U0805584L9B9;A2799 D9  
059133287C;A1 1  A1  
5Z0853421CHUV;A2 99 D5  
2H7807417AK2ZZ;B6 99 A4  
WHT007845;A1 99 B3  
5C6805911K;B2799 A4  
059103484J;A9 99 B4  
5GM827550C;A1 1  A1  
1SB857508G9B9;A6499 B1  
1SB853315EMX1;B1299 D17 
04C109611B;A2299 C8  
1SB857507F9B9;A6299 C3  
09G325429H;A1299 C5  
6R0959801EEZ05;A2499 B8  
5U0941007J;A3299 D16 
059121228;A2199 C1  
04C145749A;A5999 A2  
1SB853665LGRU;B7 99 A2  
5GB805588;B3 99 C3  
5Z0601025ATZ31;B2499 A1  
5Z1857538EKZ3;A2799 C5  
1SB807221EGRU;A5199 A1  
1S0823031EGRU;B5 99 C4  
032103011S;A1 1  A1  
5GM839478B5AP;B1399 C15 
059115446E;A2199 C1  
1SB807521AEL7;B1099 B21 
1SB807416B9B9;A3499 D3  
1SB807415B9B9;A2299 D2  
1SB807257B9B9;A1499 B8  
1SB601149KAG;A2 99 C10 
WHT007120;A2599 E2  
5C0121251M;B7 99 B4  
1SB941016D;A8399 C2  
1SB853768A2ZZ;A6 99 I2  
1SB8537682ZZ;A1899 E3  
1SB853768041;A1899 C2  
1SB853767BP3G;A1499 E2  
1SB853767A2ZZ;A3 99 L1  
1SB853767041;A2 99 H6  
5Z0955426A03C;A3299 C5  
1S0821142AGRU;A9 99 B6  
1SB945106;A2099 B5  
1S0827505E9B9;A2199 B6  
5Z6807421AJGRU;A5199 A2  
2H6809961B;B2699 A15 
5U0853421BMX1;A2 99 C5  
N91196501;A1 99 I11 
059906461S;A8 99 C5  
059103483AH;A1599 D5  
5U0867234FY20;B1399 C39 
5U0951205F;A2999 A2  
5U0881318A82V;A2699 C8  
5U0422891D;A3699 A2  
5U1820045B9B9;A9 99 B3  
5U6813319CGRU;B1499 B3  
5U186361782V;A1899 E4  
5U185856982V;A1899 E5  
5U1857097BAIZ;B2099 A7  
5U1857059A1QB;A1299 E5  
5U0853362FIDJ;A2699 A4  
5U0853361FIDJ;A1099 C6  
5U0837114AFA7;A7 99 J4  
1S0199262H;A2399 C9  
5U7615426;A5 99 J4  
5U6945105A;A1199 C8  
5U6945106A;A1399 B2  
5Q0254502DX;A2299 B5  
5U0823363A;A1899 C5  
5U0809147AGRU;B2299 B5  
5U0807240F;B1699 C6  
5U7853515CBAJ;B1099 B15 
5U0809148AGRU;B1099 C1  
04E109088AN;A2 99 A2  
5U0863319A82V;A2399 A3  
5U7853675A2ZZ;A5 99 B5  
5U7853504D9B9;B1999 C3  
5U7853504C9B9;B1699 D3  
5U7853502D9B9;B1599 D3  
5U7843871HMK1;B7 99 B2  
5U7971065;A1499 A3  
5U5867601B82V;A2499 C6  
5GM839477B5AP;B1399 D3  
1SB955453B;A7 99 D1  
5U586765682V;A1099 E2  
5U586765582V;A1099 D5  
5U6809642BGRU;B2099 E3  
5U5863463C1BS;B2099 A4  
5U7827425;A6299 C1  
5U7821142GRU;A1 99 H11 
5U7809922F9B9;A2499 C11 
5U7809921F9B9;A2599 B3  
5U7853050DMX1;B1299 B9  
5Z0122109E;A1 1  A1  
5U0121253B;B7 99 B3  
5U6867601B82V;A2799 C6  
5U7853050D61V;B1299 C12 
5U7853050BMY2;B1299 C15 
5U0959621B1QB;A1 99 I2  
5N0867601B82V;B5 99 B5  
5U0853763F2ZZ;A1799 C3  
5U0853768E2ZZ;A1499 C8  
5U0853665R9B9;A1299 B8  
5U7807142MBAJ;B2599 A1  
5U7807141MBAJ;B2599 A1  
5U7945257B;A1 1  A1  
5U7945257A;A1 1  A1  
5U0857189EIO;A9 99 E3  
5U7945105;A2599 A2  
5U0837113AFA7;A3 99 G1  
5U0959800F;A1299 B4  
1S0863831;B2099 E5  
N10629501;A1899 E3  
WHT001878;A1 99 E10 
02T311206J;A2199 D7  
059103149AL;A1399 D7  
5C6945093L;A8399 C8  
8W0972112;A5 99 C4  
5GM839167GRU;A2 99 G6  
5GM837249;A3 99 D6  
02T911021E;A3599 A6  
5Z4853421C9B9;B1299 B7  
5U0867110D71N;A7 99 G3  
1S0823509E;A1999 A5  
5U1612105C;A5499 E3  
5Q0501117A;A4699 B4  
5U7601147AZ31;B1799 E6  
WHT008384;A1 99 C3  
5Z0857805KRYV;A2999 B9  
5Q0816411AR;B8 99 B5  
5U7130295;A2399 C7  
06K117021K;A1299 C4  
7N0831401B;A1899 D4  
04C906020DM;A1499 B3  
1S0201553A;A2 99 B7  
5U0941431DWZU;A1 1  A1  
5U7853710A9B9;A2099 B4  
5Z4839471B9B9;B1399 E6  
5Z4837329J;A6999 B1  
1SB711303;A2399 B8  
5U0941431CWZU;A9 99 C1  
2H09191336TP;A1 99 F5  
032905106F;A1099 F4  
06L109675C;A1 99 E3  
5U7807439BAAA;A4 99 A3  
1S0012115K;B1699 E5  
5U0853764F2ZZ;A1699 D4  
5U0858559G82V;A2799 C9  
2H7867436BY20;A2 99 C3  
5U0601147QZ31;B1799 B5  
5U0820741A;A1099 B9  
5U7853422MX1;A1299 A6  
5U785342261V;A1399 B1  
5U7919491K;A5 99 D5  
5U1820045BZI5;A1199 C4  
5U7807141LGRU;B2599 A1  
5U7807142PGRU;B2599 A1  
5U0820803H;A5799 E3  
5C6821106A;B1199 C3  
5U6945257N;A2299 A6  
5U0867109D71N;A2 99 F3  
5Z0820679D;A1 1  A1  
02T311132F;A2 99 H10 
5C6807251F;A2499 A8  
04E906455AC;A6 99 F5  
18D959442NEH;A4699 A3  
6RA905865B;A7 99 E3  
2Q0915331A;A1399 E4  
2Q0927165A;A1 99 C5  
2QB122049;A2299 B5  
2Q0906507B;A1499 C2  
2Q0825202B;B1099 A1  
2Q0825201B;B1099 A1  
6EA819703AQHT;A1199 A1  
6EA8372099B9;A3 99 H2  
1S0407152A;B2199 C4  
5U7857706HHCP;A5599 E2  
5U5867501JPD6;A1 1  A1  
8X4833408A;A2499 C3  
6EA8372109B9;A5 99 J5  
2QB407255B;A3599 F1  
2QB407272N;B3599 A1  
2QB407272AP;B2799 A2  
2QB407271T;B3599 A1  
2QB407271P;B2799 A2  
2QB407271N;B2799 A2  
2QB201997A;B2099 B2  
2QB199518B;A1 99 F10 
2G0010000;A1 99 B9  
2G0809851GRU;B1099 C4  
2G07113333Q7;A3 99 F4  
2G0010000A;A1 99 I4  
04E906032AS;A1899 E9  
04E903025S;A5399 F4  
2QB411105K;A3499 C2  
2QB407623;A4 99 E4  
6EA839480A;B1399 C25 
6RA959653A;A2199 A4  
6EA853677C9B9;A1599 A3  
6EA839479A;A2499 B2  
6EA8394785AP;B1399 C44 
6EA839461;B1899 A3  
6EA837974E9B9;A2199 B6  
6EA837651A;A1799 B1  
6EA857101ANA2;B1799 A1  
6C00355015FQ;A8 99 B3  
6EA711049;B2599 A1  
6EA8575379B9;A3199 D10 
6EA813320GRU;B1999 C4  
6EA809857;A6 99 B7  
6EA809377GRU;B1099 B9  
6EA8531012ZZ;B1499 D5  
6EA711503B82V;A3299 B3  
6EA837461;B1899 A4  
6EA837440A5AP;B1099 A2  
6EA837480A;B1399 D13 
6EA837479A;B1399 F2  
6EA857003BNA2;B3199 A1  
6EA857003B82V;B3199 A1  
6EA853101A2ZZ;A1599 A1  
6EA853688FOD;A1 99 B11 
2G6827517A;A1 99 I7  
6EA85856082V;A9 99 B2  
6EA867234Y20;B6 99 A5  
6EA867233Y20;B1399 A3  
6EA86373982V;A7 99 D4  
6EA8634631BS;B1299 C3  
6EA86335982V;A1 99 H3  
6EA86332382V;A1499 C2  
2QB959351;A3 99 F1  
6EA867911B9B9;B1899 C3  
6EA8677697T8;B1099 A3  
6EA86729282V;A2299 E9  
2QW802951GRU;A1 1  A1  
2QW825671;B9 99 A2  
2QB885649;A1 99 A1  
2QB881045;B2399 F3  
2QB816006G;B2299 A6  
5GB807217DGRU;A5199 A1  
2G4867012RTZL;B1299 B18 
2G0867172A82V;A2699 C1  
2G0867171A82V;A2799 D2  
2G4867172A82V;A2399 C6  
6EA881805GTZC;B1899 A7  
N90975703;A1 99 H3  
04C103064E;A2199 A1  
6EA601147AZ31;B1799 D6  
2QB122109A;A3399 A2  
2GB121207A;B7 99 B3  
2G685883182V;A1399 A5  
2G6839901C9B9;A2699 D3  
2G4867012QQAZ;B1299 B18 
2Q0201449;A2399 C5  
2QB498103A;A1899 D7  
2QB498099A;A2899 A3  
2Q0612041P;A2299 C10 
2QB601027G03C;B2399 C1  
2QB601027A03C;B2399 D1  
2QB511121M;A8 99 E1  
04C972627L;A6599 B4  
2G4853371A82V;B1099 B15 
2G4853371ANA2;B1399 A1  
6EA867914B9B9;B1899 C6  
3G8857551CSX4;A1899 A7  
6EA919491A;A2599 B2  
2QB121049;A1199 E2  
6EA881805AQAP;B1999 C6  
04C103064H;B1999 D5  
2QB498103;A2899 B3  
2Q0423933;A5 99 H5  
2Q0253141C;A8 99 D5  
2Q0411333A;A1 1  A1  
2Q0411303B;B2299 C5  
6EA035453;A2799 B9  
2Q0971537AH;A1899 A6  
2Q0971537AK;A1199 D5  
6EA820059;A3199 A17 
6EA823528A;A7 99 D9  
6EC827301;B2199 D2  
6EA823531A;A2299 B10 
6EC813228GRU;A1399 C6  
3G0823031C;A2199 A1  
6EC863513;B1699 C4  
2G0962125WHS;A4699 B1  
6EC8634631BS;B8 99 A2  
2Q5802092GRU;A2699 D5  
2Q5802091GRU;A2299 C4  
6EC945312;A1 1  A1  
6EC853675BSEW;A1 99 F2  
6EC839902C9B9;A2699 B2  
6EC971104;A9 99 E1  
5U0803531AGRU;B2099 B4  
5GM853677G9B9;B4 99 B4  
WHT008373A;A2 99 E7  
5GM853665J9B9;A1299 A7  
6EC945311A;A1 99 G4  
N10745301;A2 99 G6  
N91196201;A3 99 C1  
5U0853657E2ZZ;A1199 B8  
5G1857508FD9B9;A2999 E9  
5GB807050A;A1199 D3  
04E141018;A8 99 B5  
5U6807417TGRU;A5199 A2  
5U7857705HHCP;A5399 B4  
6EA823530A;A1499 D4  
6EA817111GRU;A2199 A1  
6EC817111GRU;A2199 A1  
N01021725;A1 99 E3  
3G0803899A;A1799 E5  
WHT008582;A1 99 C3  
2QB423057C;B2 99 D2  
5Q0951223D;A1499 A4  
5G0805970N;B2699 A9  
5Q0816721AE;A1099 A8  
1K8943021D;A1099 A2  
2H38194039B9;B4 99 B1  
7E0819631;A3999 E1  
059131547P;A2 99 F11 
04C109088G;A4699 A3  
6R0959802EHZ03;A2299 B2  
5Z0955425G03C;A3299 C1  
5Z0853422CHUV;A2499 D3  
2Q0915345A;A2299 D7  
2QW813116GRU;B9 99 B5  
6EA839085;A2799 C2  
059130309CT;A2299 C3  
5U4857706MHCP;A3199 B13 
6EA601147BZ31;B1799 D4  
2G0809471GRU;A2 99 A4  
2Q0937548D;A1599 C1  
2QW802952AGRU;B1899 B7  
6EC601025DM9;B2499 A1  
1S0959802A;A1399 D3  
3V0823185A;A2 99 E7  
6EC839700B;A2599 A6  
6EA809642GRU;B1499 C5  
5NN839016A;A2399 E7  
5NN839015A;A1999 A4  
6EA601025CDM9;B2499 A1  
2G0823363A;B1399 D2  
2G685883282V;A2799 A11 
6RF035187D;A6199 C3  
04E127026BD;A1 1  A1  
2Q0937615A;A4699 E4  
WHT008536;A1 99 G3  
6EA839700A;A2699 C4  
2Q1820741C;A2699 A11 
2Q1820741A;B1599 C6  
2QB413031K;B2 99 C2  
6EA971095;A9 99 D4  
2GB121207;B7 99 B5  
2G0831403A;A1 99 A11 
5G0941431AKWZU;A5 99 G1  
5G0919493L;A3 99 D5  
6EA845202;B8 99 B6  
2QB601027B03C;B2399 D1  
1SB423057;B1 99 C1  
6EA857705ARAA;A5799 B3  
6EA857121ANA2;A2799 A5  
N91263401;A1 99 J2  
6EA8634479B9;A6 99 G2  
6EA853671DRYP;A1599 A5  
6R0035849;A2 99 A6  
5G0807305D;B1 99 C1  
5Z4853413R60U;B1299 D10 
5Z4853413QVGY;B1299 D9  
5Z4853413R61V;B1299 D11 
2H68074899B9;A1199 D3  
057130119A;A1 99 E10 
N91187301;A3 99 F2  
5G6827505B9B9;A6 99 J4  
1K0906093J;A1399 A3  
5GM807723E;A1399 D9  
5Z0881901FEIAC;A2499 A4  
5Z4853414R61V;B1299 D7  
5Z4853414R60U;B1299 D19 
5Z4853413S60U;B1299 D5  
5Q0965561B;A4699 C3  
5Z4853414Q61V;B1299 D8  
5Z4853414Q60U;B1299 D7  
5Q0407366E;A2199 E5  
2G6839909E9B9;A1099 A3  
6EA927137CWHS;A1 99 A1  
8X0831404E;A2 99 G7  
04E133366BT;A3499 A2  
1SB837015F;A1499 D3  
WHT001247;A1 99 C1  
2G0802483GRU;B1099 B12 
2QB413031J;B1 99 B3  
04E129607S;B1799 A1  
2G0919068A;A1 99 D9  
2G4853372A82V;B1399 B9  
6EA941661;A3099 C1  
5U7809605GGRU;C7 99 A1  
5U0130295K;A3399 E3  
6EA807417KGRU;A5199 A2  
2GP845213C5AP;A2599 D7  
5U7809606GGRU;C7 99 A1  
6EA867011DEJD;B1299 B18 
059129593AR;A1 1  A1  
D180003M3;A4799 B2  
5U7941008C;A3399 C7  
6EC845298BNVB;A6699 A1  
6EC945096C;A3099 D4  
6EC945093D;A3199 C1  
2QB129509B;B1899 D2  
2G5805588B;B3 99 D4  
5U7941007C;A8299 B1  
5NA821105F;B1099 C5  
5NN941114D;A1 1  A1  
032121026CN.;A2199 A1  
032121026CP.;A2199 A1  
6EC853677C041;B6 99 A4  
6EC845025A;A1 1  A1  
6EA867012FJIC;B1299 B18 
6EA867011BEOA;A1 1  A1  
6EC807217AGRU;A5199 A1  
2GP827566A;A4699 B2  
5U7847061B9B9;B8 99 B6  
2GX955453;A2699 B6  
06H121026ED;A3199 B7  
6EA837205LGRU;A1899 E5  
2GP853689GDPP;A2099 D4  
2GP853688GDPP;A3 99 E6  
2GP819404C9B9;B1999 B4  
2GP601025AWRN;B2499 A1  
6EC121283;A2499 C1  
5U4845213C;A2599 C4  
5U4845022B;B8 99 B6  
5U4845025C;B1299 B5  
6EC945095B;A3099 E7  
5U7809605JGRU;C6 99 A1  
2G0853653AB041;B1499 H1  
6EA845011MNVB;B3199 A1  
2GP845051DNVB;B8 99 C6  
2GP845011QNVB;B3199 A1  
2GP845011PNVB;B3199 A1  
2G5845297ANVB;B1699 E3  
6EC845297BNVB;B1699 C2  
6EA867212NDPW;B1299 B18 
2Q0825101A;A2599 D7  
2GK419089YRX;B2199 C5  
2GJ971095B;A6199 C3  
5G6959752DSAIF;A1 99 C3  
2GJ809857B9B9;A1399 D8  
5NN601025GNQ9;B2499 A1  
2GM927132GWHS;A1 1  A1  
2QB513049AD;B1 99 B4  
1C0906621A;A2199 A2  
5NA853687H2ZZ;A9 99 C3  
6EC853689CFOD;A2 99 C8  
6EC853688DFOD;A1 99 A1  
6EC853841C5ZT;A1599 A7  
6EC853842C5ZT;A1599 E5  
2G5845051ANVB;B8 99 C6  
5NN807568E041;B7 99 B3  
6EA601025GWRN;B2499 A1  
6EA880242D;A6199 A4  
5NN854662FDPJ;A2899 D1  
5NN807834C2ZZ;A2899 A3  
5Z6807305BGRU;B1 99 C4  
2GJ877055A;B3199 A1  
5U7201254;A8 99 G3  
5Q0885681M;A2399 E9  
2GX867244Y20;A1 1  A1  
6EA827025BGRU;B9 99 C5  
2GX86725682V;A2 99 H1  
2Q0501715K;A1699 D7  
06N115441;A8 99 E5  
2GX853413BIM;B1299 D20 
2GX513049A;B1 99 B4  
2GX407615;A1499 E2  
2GX8378799B9;A1 1  A1  
2GX407271;B3599 A1  
2GX129618;A3499 A3  
06K145061D;A1 1  A1  
2N0998270C;A2 99 A1  
2GP853651AR9B9;B6 99 A1  
6Q0411314R.;A1799 C5  
2G5807521C9B9;B5 99 A5  
2G5971095A;A1099 B3  
2QB816006S;B4 99 B3  
04C133352BQ;B1799 A2  
2HT853653A9B9;A1 1  A1  
5Z6813116GRU;B9 99 B6  
6EA845011L;B3199 A1  
2GP885900GUK8;A2799 C4  
2GJ837206AGRU;A1599 B2  
2GJ839168GRU;A8 99 A2  
5U4845021B;B8 99 B6  
2GX601027B03C;B2399 C1  
5NN877049G;B3199 A1  
6RD820803C;A5999 C4  
6EA845202A;B7 99 B4  
6EA839167E9B9;A2299 A4  
22D877056B;B3199 A1  
5U0845011T;B3199 A1  
5U4845026C;B8 99 B6  
2GJ885961B82V;A2799 D7  
6EA867211NDPW;B1299 B18 
6EA845051RNVB;B8 99 C6  
11A853665A9B9;A2699 A10 
2GX857805RAA;A1999 D6  
2GX857807RAA;A1 1  A1  
2GX857739QVZ;A1 1  A1  
6EA867761D82V;B1599 E6  
6EA867601B82V;B1599 E6  
6EA867212MOZS;A1 1  A1  
04E103474BB;A1 1  A1  
2GX8059039B9;B6 99 A6  
5NL854950KRYP;B1599 B6  
2GX863367WH7;B3199 A1  
6EA819704FEDW;A2799 D8  
6EA881405AALVR;B2199 C5  
5U7201060C;B3199 A1  
6EA971095A;A9 99 C5  
6EC971104A;A2299 E4  
6EA858418JDOD;B5 99 A1  
6EA839477A5AP;B1399 D2  
6EC839477A5AP;B1399 D13 
6EA867914C9B9;B1899 E3  
6EA867911C9B9;B1699 E7  
6EC867914C9B9;B1899 D6  
6EA858417SDOD;A6799 B2  
6EA858365A55K;B2099 E2  
6EA85836555K;A1 1  A1  
6EA857919A55K;A1099 D5  
6EA85712155K;A2699 D9  
6EA863241F82V;B5 99 A1  
6EA839478A5AP;B1399 D28 
2GJ839015B;A4699 E3  
5G0941431AETKK;A1 1  A1  
2Q0825229B;B9 99 A5  
17A853372D82V;B1099 A6  
09G325039J;A2899 B8  
6EA881806AFLVR;A1 1  A1  
6EA863463C1BS;B1799 A2  
6EA919493E9B9;A4 99 C1  
2GX85700382V;B3199 A1  
6EA601025MFZZ;B2499 A1  
6EC853768C2ZZ;A1199 D8  
2GP858417SJOP;A2399 B5  
04E133366GQ;A3499 B2  
06L109257H;A4699 D2  
5WA121251H;B7 99 B2  
2GP858418AHJOQ;B7 99 B4  
2GP920310B;A5999 B4  
6EA919491B9B9;A3 99 A6  
6EA919491C9B9;A3 99 A4  
6EA919492B9B9;A3 99 B6  
6EA919492C9B9;A3 99 A6  
6EC919492A9B9;A3 99 F4  
6EC9194939B9;A3 99 J1  
04C133366BG;A3199 E10 
2GP898182;A9 99 D4  
5NN854949CGRU;B1399 B38 
5NN837015D;A9 99 F4  
5NN839015B;A2399 E4  
6EA853688HFOD;A6 99 D2  
6EA881806AROMB;A1 1  A1  
6EA837478A5AP;B1399 D19 
6EA839439E5AP;B1999 A2  
6EA837440C5AP;B2099 A4  
6EA881775F;A1 1  A1  
6EA867234DY20;A2499 E1  
6EA853689HFOD;A4 99 B1  
2G0853711B2ZZ;A3 99 E3  
5U0201801A;A2899 C5  
6EA805911B;B2699 A2  
2G0853712A2ZZ;A2 99 F5  
6EA881805AFOMB;A1 1  A1  
2G0853711A2ZZ;A3 99 D4  
6EA867012BDVU;B1299 B18 
2G0853712B2ZZ;A2 99 B2  
6EC867605B82V;B4 99 B6  
6EC853666A041;A1199 E5  
2Q0907561P;A4699 B2  
6EC601025AFZZ;B2499 A1  
6EA867769B7T8;B1599 A4  
6EC863463B1BS;B1299 A2  
6EC863413B82V;B1299 A2  
6EC807050;A1899 D1  
6EA853675NJZQ;A2599 A1  
6EC8537122ZZ;A8 99 C9  
2GX407255A;A3599 F3  
5QX919051D;A1 1  A1  
2GX60102703C;B2399 D1  
5U4837885A;A2 99 I6  
2GK881805DJOA;B1999 D6  
2GJ837205AGRU;A6 99 D2  
2GX407256A;A9 99 E1  
5U7809606JGRU;C7 99 A1  
6EA845011N;B3199 A1  
6EA853768A2ZZ;A1499 A9  
2QB199518C;A1399 B5  
6EA945106;A1399 D1  
2QB199517C;A1399 C2  
6EC853767C2ZZ;A1199 C9  
6EA853689GUFW;A2 99 B2  
6EA853688GUFW;A3 99 E3  
2G5863367CWH7;B3199 A1  
2GP898011TDR;B6 99 A1  
6EC821136GRU;A2 99 C1  
6EC853343;A2 99 A2  
6EA853679AKRR;A7 99 D3  
6EA863459A82V;B2299 B5  
6EA806929D;A7 99 D2  
6EA810135GRU;B1999 D1  
2GM713203EPOA;A1099 A3  
2GX857705RAA;A3199 C6  
6EC821106GRU;B1199 C3  
6EC8532749B9;A1 1  A1  
6EC823186;A2 99 G3  
6EC839439E5AP;B1599 A2  
6EC839440E5AP;B1899 D2  
5U0614117RBEF;A4699 A3  
6EA867012BEAZ;B1299 B18 
6EC854375041;A6 99 A1  
2GP863241AIZ;B5 99 A2  
2GP864298BDPW;A1 1  A1  
2GP971095B;A1199 B4  
2GP971104F;A1899 D7  
2GP863459B82V;A1 1  A1  
6EA860285A82V;A2099 B9  
5U0903025H.;A6899 A4  
2GK807421AGRU;A5199 A2  
04E100012AM;A1 1  A1  
6EA955711A;A3199 E2  
6EA880201MHVF;A1 1  A1  
2GP805903F9B9;B4 99 A2  
5QN888196A;A2 99 A3  
83A907115Q55N;A4699 A3  
5WA505465B;A8 99 F5  
5U0880201BC81U;A6199 B2  
2GP857522A;A1499 B4  
2GP853372B82V;B1399 B7  
2GP867172B82V;A8 99 H4  
5U0880201BFHVF;A1 1  A1  
2G5880201LHVF;A3199 A6  
5U0880201BE81U;A3199 E7  
2G5880201MHVF;A5999 B4  
2G0857551F2ON;A5699 B2  
6EA880201LHVF;A2799 A2  
2QB201797A;A3699 D3  
5U7201060E;A1 1  A1  
2GP867171B82V;A2799 C10 
2GP833056MGRU;B6 99 C5  
2GP853665C9B9;A1299 A9  
2GP853102A2ZZ;A2599 B5  
2GP853763C2ZZ;A2499 C7  
3C8898201D;A1 1  A1  
2GP860025BMK1;B8 99 A2  
2GP860026BMK1;B1399 A1  
2GP601025EFZZ;B2499 A1  
2GP857508F9B9;A5699 B4  
2G58071619B9;A3199 B15 
1SB880201P81U;A6199 C2  
5K0880201AE81U;A1 1  A1  
2GP831056QGRU;B6 99 C6  
5U0035209.;A5 99 B1  
2GJ880741G;A1399 C1  
5U0199851G;A2299 B3  
5Q0965567N;A1199 E3  
2HT945095;A8299 C3  
5U7853651AYBZ;B7 99 A3  
2GP807241AGRU;A1499 C5  
2GP945207A;A3299 A3  
6EA867012JUDH;B1299 B18 
2GP857507E9B9;A1 1  A1  
2GP858035CIMK;B1699 A6  
2GP858036CEIH;A1 1  A1  
2GP941006F;A8099 D2  
5NA853688HDPJ;A2 99 D3  
2GP819728C9B9;A1399 A5  
2GP881405EIDY;A1 1  A1  
2GP881901KOTF;A6399 C3  
2GP845011KNVB;B3199 A1  
2GY827933041;A1 1  A1  
2GY8547339B9;B2999 A2  
2GY8538569B9;A1 1  A1  
2GY880742D;A1 1  A1  
2GY8548209B9;A1 1  A1  
2GY8276999B9;A1 1  A1  
2GY8071619B9;A1299 C6  
2GY807109AGRU;B1 99 C1  
2GY807248A;B3 99 B1  
2GY8548189B9;B1199 C7  
2GY805911;B2799 A8  
2GY8394395AP;A1 1  A1  
2GY805912;B2799 A8  
2GK880201EXEA;A1 1  A1  
2GY945105;A1999 A5  
2GP853651ADRYP;A1 1  A1  
2QB407255D;A1 1  A1  
2Q0615105AK;A1 1  A1  
2Q0615106AK;A1 1  A1  
2GY807863;B1399 D53 
2GY807439;B3 99 B5  
2GY941036;A3299 A4  
2GY821105GRU;B1199 C3  
6EA867769A82V;B1399 A2  
V04010057AE041;A1 1  A1  
5U7807301AFZKS;B9 99 A4  
V04010057AER5S;A1 1  A1  
5U5827025FGRU.;B9 99 C2  
2GJ857537AGRU;A2899 B4  
2GX955453A;A1199 C6  
2QB513049AH;B1 99 B3  
2GM035180G;A5799 D4  
2G5880241E;A6099 E1  
V04010057AED7X;A1 1  A1  
2GP867292A82V;B2099 D5  
2QB919673C;A2099 A9  
2GY845011NVB;A1 1  A1  
2GY857507A9B9;A2799 C1  
2GY845011DNVB;B3199 A1  
2GY85368769D;A3 99 F6  
2GY853685A69D;A1 1  A1  
22D877055D;A1 1  A1  
5QM816103;A1399 A2  
6EA839179C;A7 99 D7  
2GP857003H82V;A1 1  A1  
2GP867769B7T8;B1099 A2  
2G5853671A041;B5 99 A1  
5U7853050NMX1;B1299 D5  
2QB413031AG;B3299 B2  
5NN941113G;A8499 B5  
5QM423055R;B2199 D1  
6EC805911B;B2699 A16 
2QB501053AQ;A1 1  A1  
17B867011CKYVG;A1 99 A1  
032103063AD.;A2199 A1  
5NN807811041;B6 99 A6  
5NN807049A;A2499 B2  
2QB423510S;B6 99 B5  
5NN805931;A2799 D4  
5R3711049K;B1699 A7  
0GC325201L;A2699 B6  
5NA945105B;A2099 D5  
5NA945103A;A2099 E5  
2GX121284A;A2499 C6  
V04010075C;A1 1  A1  
2GP867501EF68;B3199 A1  
V04010036D;A1 99 A3  
2G5955707A9B9;A2199 E8  
2G5867427CCA9;B7 99 B1  
6EC880241E;A2999 C5  
2G58536876VG;A3 99 D6  
6EA853675H6VG;A1 1  A1  
6EA853675J6VG;A1 1  A1  
V04010036A;A1 99 I11 
2GP806333C6VG;B1399 D48 
2QB423510AD;A2199 A1  
2GP845202B;B8 99 C6  
5U1857003APOXG;A1 1  A1  
2GP806333B6VG;B1099 B20 
2G5853053Y3D;A1 1  A1  
2QB881105B;B2399 G4  
2G5853651NADQ;B9 99 A4  
2GP863367DUV6;A1 1  A1  
2GP853651ASRYP;B7 99 B4  
059109171AE;A1 1  A1  
5U0858061H1QB;A1999 D4  
2GP945307B;B7 99 B4  
2G5945307B;B6 99 B4  
2QB612181;A1099 C8  
JZZ698151AH.;A5699 B3  
5U7867501AGF68;A1 1  A1  
6EA845011S;A1 1  A1  
2GP845202A;B8 99 B6  
04C906032P;A1 1  A1  
2G78575513H8;A1 1  A1  
2GP853688FDPP;A2 99 E5  
2GJ880204J;A3199 D10 
2GP845026A;B8 99 B6  
6EA820045HQHU;A6199 C3  
2QB915089F;B3599 A1  
5QM816411E;B6 99 B5  
5U7853050KMY2;A1499 B7  
5N0413031BN;A1 1  A1  
6EC845026A;B8 99 B6  
2QB129618F;A2699 A3  
2GP867501EPO4;B3199 A1  
5U7919491S;A1 99 C6  
5U7919492B;A1 99 B1  
2QB915089H;B2799 A1  
2H7845213T;B1499 E5  
5NA845051CANVB;B3199 A1  
17A857522L;A1199 B5  
6EA823509A;A1199 D5  
2H6837402B;A1 1  A1  
6EA810972F;B2699 A12 
5QS959659;A7 99 G3  
5U7847061D9B9;B8 99 C6  
2G5601025CFZZ;B2499 A1  
2G5121330A;A2499 C9  
2G5919494E;A3 99 A7  
2G58078339B9;A2199 B2  
2G5807521B9B9;B5 99 A6  
2G5919400A9B9;A1 1  A1  
2G5919493F;A3 99 B6  
2GJ971104H;A1 1  A1  
2G5853101A8FW;B1099 B28 
2Q0907550C;A1299 B5  
2Q0937090G;A1 1  A1  
2G5805912B;B2699 A14 
2G5945106A;A2199 D7  
2G5853768A3Q7;A3199 D11 
2G5807568C6VG;B8 99 B5  
11A809957D;B2699 A10 
5Q0816411BL;B6 99 B1  
5U7941005B;A3299 C12 
5U7941006B;A3299 E12 
6EC880242E;A3199 D12 
2G7941005A;A8399 C7  
2GB121203E;B6 99 B5  
06K907637B;A1999 B6  
06M907637B;A1 1  A1  
2G5807568C041;B8 99 B3  
2G5807568B8FW;B8 99 B4  
5NN880204N;A2999 C7  
06K906036M;A1 1  A1  
6EC121341;A2299 B4  
2Q0937090F;A5799 A4  
2GP845025A;B8 99 B6  
5U0880201BBXEA;A6199 A4  
2Q0907550B;A4699 A3  
04C133062AB;A4699 E4  
04E133062AJ;A5599 C4  
6EA419093AYRX;B2299 B6  
5N0941072A;A3 99 A1  
04E103085AR;A1 99 B2  
5WB816103A;B1699 A6  
5G6959752EEAIF;A1 1  A1  
036998076.;A7 99 F4  
2G5863463ACA9;B1299 A3  
V04010085G;A2699 B8  
V04010099J;A2699 E8  
V04010057CT5C;A1 1  A1  
V04010057CD5C;A1 1  A1  
2GP853651AGRYP;B6 99 A3  
2G58394395AP;B1899 A4  
2G5601025Z31;B2499 A1  
2QB253181AR;A1 1  A1  
6EA8379019B9;A1699 C7  
6EA858417GXQQ;A2299 C11 
2G5813301GRU;B9 99 B2  
2G5805705;A2 99 D1  
2Q6802091GRU;A2699 A4  
5U0407272P;B3599 A1  
2GM601147BUWP;B1799 E3  
2G5853687041;A2 99 A4  
2G5867234C82V;B6 99 B5  
2G5823186A;A4 99 D5  
2QB413031AD;B2 99 C2  
1JE615301A;A3699 C3  
5Z0880202FQL2;A2599 B5  
6EA809411AGRU;B1099 C1  
5U7941008B;A3299 C10 
5NB837114HZNX;A2899 C7  
6EA998002;A3299 D3  
V04010057A7W;A1 1  A1  
V04010057BE7Q;A1 1  A1  
6EA863011UKR;A1 1  A1  
4M0857819A;A1799 E2  
2G5823535;A1799 B2  
2G5827550;A9 99 C8  
2G5807393A;A2799 D4  
5U7809961C;B2699 A6  
5NN853651LZLL;B1 99 A4  
2G58536659B9;A7 99 E2  
2G5853688AFOD;A2 99 D10 
2G5853688BDPP;A2 99 B4  
2G5853688BFOD;A3 99 H2  
2G5853688CFOD;A2599 A2  
2G58634631BS;B8 99 A1  
2G5971104;A2999 B9  
WHT003860A;A4699 C4  
2G1867256B82V;A1 1  A1  
5U6867769C7T8;B1699 B2  
2GP868837Y20;A2699 A9  
6EA863045A82V;B2099 A7  
2G5061163;B9 99 A3  
2G0857807BRAA;A4699 B4  
1SB121407C;A8 99 C9  
2Q3959406B;A6299 E3  
2GP061163B;B1199 A2  
2G5880241D;A5599 A3  
6EA810972B;B2699 A12 
5Q0498201F;A1099 B5  
2GP827699C9B9;B7 99 B4  
5U1880202FQL2;A6599 A1  
5Z0880201AA81U;A6699 C3  
5U0880201AN81U;A6099 A4  
3Q0407151AA;B2199 E1  
04C129612;A1399 C4  
2GP837249A;A6 99 D5  
09G300032S;A2199 A1  
04E103485B;A1499 C5  
2GP839440G5AP;B4 99 B1  
17A827705J9B9;B1899 D4  
0BH325025PZ23;A5999 D4  
6EA857508D9B9;A2999 A8  
6EA857507D9B9;A5999 B2  
5NA805911AG;B2699 A16 
5QM615301A;A8 99 E7  
5U7881805DDPHR;B1999 E3  
2G5945307A;B9 99 A1  
5Q0612181D;A4699 C3  
2G5945207A;A3099 D2  
V04010057EB7S;A6799 A1  
5U6813115FGRU;C7 99 A1  
5Q0959354A;A2499 D9  
17A927137CWZU;A2 99 H2  
5WA907521;A4699 B2  
2GP867428E7T8;B1699 A5  
2G5880201EXEA;A5599 B1  
6EA839179B;A2599 A5  
2H6802403;A2199 D6  
V04010073F;A1 1  A1  
V04010062F002;A1 1  A1  
06L145100M;A1 1  A1  
V04010062AJ;A1 1  A1  
5Z0419091CR81U;B1799 A2  
2G5010000A;A3 99 E4  
5Q0907275F;A4699 E1  
2G5853855BBUS;B1099 B3  
N91207701;A1 99 E4  
2H6802101;A7 99 D4  
2G5867288AY20;B1799 A2  
5NA868437A82V;A2299 A3  
2QB513049T;B2 99 C5  
1SB880201J81U;A6199 C2  
2G5810971A;B2699 A10 
5U0880201AM81U;A6099 C2  
V04010067L009;A1 1  A1  
2GK061500041;A7099 C4  
2GP881805CZME;A1 1  A1  
V04010080B;A1 1  A1  
03L121111AK;A2599 A4  
2GP867761EKJ1;B1599 E6  
N10118104;A1 99 F4  
2GP867762EKJ1;B1499 D6  
6EA858418DRSK;B8 99 A6  
2GP837901C9B9;A2499 D2  
2GP863919B;B3199 A1  
04E903015G;A3199 C14 
2GP837902C9B9;A2699 A9  
V04010057FD7X;A1 1  A1  
V04010057FC9A;A1 1  A1  
5U7821021BGRU;B4 99 B1  
5Q0959655CE;A4699 F4  
5U0422371A;A1999 B1  
6EA809909AGRU;A2599 B1  
5Q0601361A;A4 99 J1  
2Q0820743BF;B1999 E6  
V04010077C;A1 1  A1  
2GP863367CUV6;B3199 A1  
V04010077D;A1 1  A1  
5Z0880201AB81U;A5499 C1  
5NN858855JCA9;B9 99 A1  
5Z6813328GRU;B1499 E4  
2GM839901E041;A3199 B12 
1SB955711B;A8 99 G4  
17A831056D;B5 99 C1  
5U0407272Q;B3599 A1  
5QM423055B;A2899 E11 
17A867766A82V;B1699 D2  
17B713203EJCO;A2199 E2  
5QN122109A;A2499 E1  
06E906051AD;A1 1  A1  
5G0807049B;A1899 C3  
17A885775H;B1299 C5  
5Z0809962K;B2699 A8  
2QB959354;A1099 A3  
5Z0810972K;B2699 A6  
5Z0810971K;B2699 A1  
17A804593;A2599 C4  
5G6827025AA;B5 99 C6  
5U0407271Q;B3599 A1  
6EA839916A;A2499 C11 
N91151302;A1 99 C7  
02M911022F;A5499 C4  
5U7413031D;B2 99 C6  
7P5819631;A3999 F3  
5GM601025NFZZ;B2499 A1  
5U1614105H;B9 99 B4  
5U0941531ACTKK;A1099 B1  
2QB959655A;A1299 D5  
5U1614105G;B1999 A2  
2G0817123BGRU;B1099 B8  
8W0857608Y20;A2199 B3  
5Z1012766AB;A2199 E1  
04C115251K;A6 99 F5  
2G0853666C9B9;A1199 A4  
2GP809606BGRU;C5 99 A1  
5Z0513025AE;B1 99 B5  
04E906032AT;A1 1  A1  
5Q0121809A;A2499 B1  
5QF825189;A2899 B8  
6Q0121407D;A1499 C6  
2GM035180;A6199 D4  
5U7513025E;B1 99 B2  
5Q0129654AF;B1699 C4  
5GV051629L;A4699 F1  
5Q1820127E;A1299 C5  
06K109021M;A4699 G4  
17B941036D;A3099 E1  
2G0839582B82V;A5 99 C2  
17A837702B5AP;A1999 C3  
3Q0407151S;B2199 B2  
5Z0845011EG;B3199 A1  
5U1857003ABUGU;B3199 A1  
5U0858061GEIO;A6 99 C6  
2H1941018A;A8199 C6  
17A035453A;A2099 C1  
5QF122101AC;A1 1  A1  
5QM145803E;B8 99 B2  
2GP863463AXN5;B8 99 A1  
2H1941017A;A8499 B3  
5U1857003AEUGY;A1 1  A1  
6EC853842A041;A1799 C2  
6EC853835A041;B1399 C31 
17A804594;A2499 B1  
5U6813328A;A1599 B1  
2Q0820743AA;B2299 C2  
032121026CP;A3699 B3  
6EC867211GQAZ;A1 1  A1  
5QM881105L;B1 99 B6  
17A807723F;A1299 A5  
V04011029;A2699 B8  
2G5807394A;A9 99 B1  
04C141015S;A3699 E3  
6EA601025GFZZ;B2499 A1  
2G5823531A;A2399 C4  
2G5880242D;A5399 B4  
2G5881405AXRH;B1599 A4  
2QB253059C;B3299 A1  
2G6959752AMAIF;A2199 E4  
2G5867501F68;A2199 A1  
2GP867071AY20;A2299 E8  
2G58634479B9;A7 99 B4  
6EA858418DYJY;B1399 A2  
6EA858418DXQQ;B8 99 B5  
5U0407271P;B3599 A1  
2GP839439G5AP;B1099 A4  
2G5853675A041;A2 99 D3  
2G5867501PD6;B3199 A1  
2G58537673Q7;B1399 D4  
6EA881805AEXHE;A1 1  A1  
2G5853675C041;A2499 E1  
2Q0614517ANBEF;A4699 A3  
2G5853689CDPP;A1 99 E6  
2G5853856ABAJ;B1799 A7  
2G5809588GRU;B1999 E3  
2G5919492;A1 99 E10 
2G5860026KW1;B1099 B15 
2QB253181BE;B3299 A1  
2G0945208B;A3099 C7  
5Q0601027BT03C;B2399 C1  
2GP839901C9B9;A2399 A4  
5U7012766AD;A1799 D8  
2QW937090B;A1 1  A1  
JZZ513025H;B2 99 C4  
2GP809605BGRU;C4 99 A1  
6EA881375A;B1999 E5  
2QB881045B;B1099 C3  
6EA807417GGRU;A5199 A2  
2QB413031N;B2999 B5  
7H0121276A;A7 99 C2  
7N0698647B;A1 1  A1  
2G5813333GRU;A1 1  A1  
2G5880742D;A5599 A4  
2G58394405AP;B1799 A6  
2G5867601A82V;B6 99 B1  
2G5813319GRU;B1899 C2  
2G5813309GRU;B1099 B29 
2G5809471GRU;A2599 A5  
JZZ513025G;B1 99 B1  
JZZ513025B;B2 99 C1  
JZZ513025C;B1 99 B1  
6EA858417KWNH;A1399 D2  
WHT009861;A3 99 G2  
2QB816002AA;B1899 A7  
17A853679CWYR;A3 99 C5  
17A807863B;A1 1  A1  
2G5867428B1BS;B1299 C6  
17A827025A;B8 99 C2  
17A853688KJZQ;A2 99 G9  
1K0698151M;A1 1  A1  
1S0611349A;A2499 E9  
2QW937090C;A5799 C3  
2GP863680AJOU;A2699 E9  
6EA711301NUAQ;A7 99 C2  
17A853665L9B9;A3 99 C4  
02T311113J;A1199 B5  
17A945105A;A2099 C2  
2Q0907561J;A2399 B8  
2G0857551F3H8;A6099 C2  
2QB919051F;A5499 C1  
17B867012CGYVG;B1299 B18 
03L130755AB;A4699 G3  
2G5827550A;A2399 B7  
2H6853750D2RL;B1699 C3  
04E109479AA;A4699 D4  
2GP827577BFOD;B7 99 A3  
5Z0805588GGRU;B3 99 C4  
2GP920310A;A5499 D3  
2GG877233;A3499 B4  
2GK807221041;B4 99 A4  
2GK807248;B3 99 B4  
2GK827025CGRU;B4 99 C6  
2GK857522A;A1199 A5  
2GK807833A2ZZ;A2 99 C1  
2GK807834A2ZZ;A1599 B2  
2G0857552J3H8;A6199 C1  
5NA854939AFRYP;B1299 B3  
6EA711301LDAF;B1899 A2  
2N0951221;A9 99 A6  
5GM915105AN;B3599 A1  
2GN907057XBT;A4699 E2  
5U0422154E;A1099 E5  
3Q0816803E;A3199 B10 
6EA867212NOZS;A1 1  A1  
5WA121203G;B4 99 B1  
5Z0998219;A5799 A4  
2GP867212OEC;B1099 A6  
2GK857521A;A1499 A3  
5H182353382V;A2 99 H1  
2GK857507D9B9;A6699 C4  
2GK857508E9B9;A5999 A3  
5NN831055C;B4 99 C4  
1JE941016D;A8399 D2  
2G0941662C;A3099 C5  
059130089EJ;A2199 C3  
2GJ853651AHZLL;B7 99 A3  
5Q0698451AK;A5799 D4  
2Q0816721E;A3399 A2  
6EA867233E82V;A1 1  A1  
6EA867234E82V;A1 1  A1  
2G5805912;B2699 A1  
2GK8675013FG;A1 1  A1  
0GC927377;A8 99 E2  
2G5827705C9B9;B1899 D6  
6EA837885A;A1199 D4  
2GP867012OED;B1299 D18 
04E115561T;A4199 D3  
17A807417AFGRU;A5199 A2  
17A807568H9B9;B5 99 A2  
5NN853101D041;A1499 C4  
2GP880242F;A5599 A3  
2GK807393;A1399 B9  
2G6035736;A1 99 A4  
2GP867011AOEH;B1299 B18 
04C129709N;A6199 C4  
6EA805588J;B3 99 C1  
2G5941662A;A3299 C13 
2G5941661A;A3399 C1  
2GP853688EFOD;A1 99 I4  
2GJ837015A;A5599 C2  
2GM809147AGRU;A1 1  A1  
2GP809641GRU;A1399 C9  
2GP880241F;A5599 B1  
2GJ837016A;A2799 A8  
04C103085C;A1 99 C8  
04C906032L;A4699 B3  
6EA807217HGRU;A5199 A1  
6EA807417JGRU;A5199 A2  
2GP853689EFOD;A2599 D2  
2GP853651G9B9;B8 99 B4  
1K0407298;A1 99 G2  
5U0817119GRU;B1099 B39 
2GP857003EKJ1;B3199 A1  
V04010019D;B7 99 A6  
22D877049A;B3199 A1  
2G5804749GRU;A2299 E2  
2G5804750GRU;A2 99 G3  
2Q0937089E;A2599 B6  
5U7201294;A3299 B3  
6EC863367CWH7;B3199 A1  
2QB201801B;A1299 B1  
2G5867427C1BS;B1999 A6  
3G0959442ABVJA;A4699 F2  
5H0419089GPVDH;A2799 E7  
2GP867012OEC;B1099 A5  
2GP867011OEC;B1299 B18 
5U0201060A;B2599 A1  
2GJ945312A;A2199 B8  
2GJ8074419B9;A2 99 D5  
2GJ807651;B1099 B12 
2GJ805932A;A3199 C12 
2GJ945105A;A1199 B5  
2GJ945095A;A3299 B19 
2GJ86834582V;A6 99 A3  
2GJ854969A9B9;A2399 B10 
2GJ854989A9B9;A1299 D3  
2GJ601171FOD;A3 99 B2  
2GJ805567;A1999 C2  
5QX919051C;A5599 B2  
5NN713203GHQD;A1399 A5  
2GJ821168;A2499 E8  
2GJ833056C;B7 99 C6  
2GJ945093;A6399 C2  
2GJ807241041;A1799 E5  
2GG854327A5AP;B1399 D1  
2GG821112;A2499 C6  
2GJ8549409B9;B1199 A2  
2GK8399115AP;A1 1  A1  
2GJ854950A9B9;B1499 E6  
2GJ8374752MG;B1399 D19 
2GJ837902A9B9;A2799 C2  
2GJ833055C;B4 99 C3  
2GK867367A5AP;B1899 B2  
2GJ945094;A8099 A1  
2GJ8549399B9;B1099 B24 
2GK941035;A3299 B3  
2GK853688DDPJ;A1 99 C11 
2GK8374775AP;V9999 Z99 
2GK8374325AP;B1599 A6  
2GK8379125AP;B2099 E4  
2H6839016;A1299 D2  
V04010067J;A1 1  A1  
V04010062AD;A1 1  A1  
V04010062A;A1 1  A1  
17A837902A9B9;B1399 C6  
2G5880201JHVF;A5599 C3  
2GJ8535388Y9;A5899 C1  
5Q0885682K;A2299 A7  
2GK853688B2ZZ;A4 99 C4  
2GP827933F041;B7 99 A1  
V04010059BD005;A1 1  A1  
561407255;A5299 C4  
04E129618P;A2499 B1  
3Q0698451S;A5799 D4  
3Q0906093;A8 99 H4  
WHT007147B;A1 1  A1  
2GK845042BNVB;B1899 D5  
2GK880201DXEA;A6299 C3  
2GJ821106B;B1199 C5  
2GK845201;B8 99 C6  
06K103485D;A2099 C9  
2GK845041BNVB;B2099 D3  
2GK845026;B8 99 B6  
V04010059GG003;A1 1  A1  
5U0121407C;A3599 D6  
5QM121407E;A1399 B4  
2H6802403B;A2599 C3  
5NA827025M;B5 99 C6  
2GK86723382V;B1399 A2  
2GJ831055F;B5 99 C3  
2GJ831056F;B9 99 C5  
2GK807251;B3 99 B2  
5Q0825202AR;B9 99 A1  
5QA199555AM;A1399 B2  
2G0853677H9B9;B6 99 B1  
2GK941774B;A8599 A10 
2QB407271AT;B2799 A2  
2QB407272BB;B2799 A2  
5Q0698451AA;A2899 D8  
06L121111P;A4699 E4  
5Z0615106L;A5499 E2  
1S0498201D;A2399 E2  
04E115561AC;A4199 D3  
06L121012M;A6 99 A8  
2GM947581;A2599 A2  
5Q6407272R;B2799 A2  
5U485771982V;A2599 A9  
6C0035501P5FQ;A1199 E3  
5Z0615105L;A6799 C4  
2QB614683F;B1399 F3  
2GJ827933CGRU;B8 99 B4  
2GG821108;A2499 B7  
04E906262JH;A1599 E5  
5NA971104BC;A4699 B3  
5QM611701C;A1 1  A1  
5U0711049J;B1199 D12 
5K0698451E;A2999 A6  
2GM941662A;A3399 B9  
2GM941661A;A3099 B1  
2G1955410A03C;A3699 C4  
6EA012766AJ;A2199 D4  
2GP885901E7CE;A5399 D4  
2GP858217KJ1;A1199 D4  
04E121600CS;A4699 G4  
2GK867365A5AP;B1899 E2  
2Q0959802B;A1399 E2  
2GK853688CDPJ;A5 99 D4  
2GK807484;A2499 B10 
2GK601025BFZZ;B2499 A1  
2GK971001;B2599 A1  
2GJ945106A;A1099 C3  
575867370A5AP;A1 99 I3  
2GK805912;B2799 A9  
2GJ945096A;A8199 C7  
2GK121285;B1599 B3  
2GJ867927ARM5;A1699 F5  
2GJ864759A;A4 99 H1  
2GK807109C;B2 99 D1  
2GJ857706CRAA;A2899 A6  
2GJ857705CRAA;A2799 D3  
5QX411105AQ;A3499 D2  
8Y0857607RM5;A2299 E1  
2GJ827940B041;A2499 A2  
5QX413024A;B2 99 C6  
06M115393F;A1 1  A1  
2GK86776182V;B6 99 B6  
2GK864207SL1;A2899 E6  
2GJ971104A;A2099 B8  
2GJ867769EH8;B5 99 B3  
2GJ8548589B9;A4 99 B1  
2GK8074169B9;A1899 B3  
2GK827705A5AP;B1899 D6  
2GK601025BWRN;B2499 A1  
1K0412331B;A3799 F3  
5Z49598591NN;A2 99 A4  
ZBA813865;A5 99 H1  
1J09193079B9;A2 99 B4  
5U485331301C;A9 99 D6  
2379430211;A2099 C9  
1SB959455;B2999 A3  
5Z48374781NN;B1399 E34 
N90625101;A5 99 H3  
379945112;A3099 A7  
377827641A;A2 99 I4  
3X0407625;A2399 C8  
376827301;A1499 F5  
5U5807417AGRU;A5199 A2  
6Q0407151L;B2199 E3  
6Q08371879B9;A6 99 F2  
030907601E;A1399 D5  
5Z0945093E;A8199 A10 
1H6943199;A9 99 E3  
5Z0853653K041;B6 99 B4  
5Z4853414GMY2;B1299 D17 
5Z1837114A9B9;A1799 B3  
1K0867633;A3 99 B3  
5C5807861;B1599 B2  
6Q0959263A;A1099 F1  
6Q0422529;A2499 C2  
542937131K;A3 99 I1  
542937131L;A3 99 I1  
542937131N;A2499 D4  
030103011ED;A2199 A1  
1J1819031B;A2599 A5  
5W0959781;A2299 A5  
823512097;A1 99 G4  
032906031E;A1199 C3  
5Z0805584A;A2899 B9  
5X0823531;A2799 D5  
030141034D;A2599 B1  
6QE498201;A3599 A4  
5Z08234991NN;A2 99 B3  
N90437401;A2 99 H9  
3259552162;A1799 E8  
1K0899185;A2 99 I7  
5Z4839415;A2499 E4  
3B7955681;A2399 E6  
09G321370;A2299 B7  
030129713BN;B7 99 B3  
5W0711333A;A2 99 C10 
5X0501247;A8 99 E4  
5W6945097;A1599 B3  
N90833801;A2 99 H7  
5X0941822C;A9 99 F3  
377827550E;A2299 B4  
0309060311;A2499 D2  
5Z0945095C;A3399 E7  
2318812811;A2499 E5  
5U1955410B;A3199 A3  
1SB807811EL7;B7 99 B299 
5Z0853361FEDW;A1099 E6  
5Z0798261D;B1399 C35 
5X48538081GR;B1099 B3  
3C5807460B2ZZ;B1199 A2  
5W7945257;A9 99 D2  
5W08580611NN;A2599 B10 
081517141;A2399 C2  
171837199;A2 99 G8  
N90052701;A2499 A6  
03090599916;A5 99 B5  
5Z0807217MTGN;A5199 A1  
5Z08575081NN;A6399 B3  
5Z09532351NN;A1899 B5  
6Q5945094G;A8399 B9  
5U79599171FR;A5 99 E2  
6Q0971848L;A2499 A3  
6Q0807184A;A1799 A8  
030121065AA;A9 99 A5  
5U4853050C61V;A2 99 E7  
2H0819703G041;A9 99 B3  
WHT006407;A1 99 H4  
5Z4853050;A1 99 D11 
5Z0857561Y20;A1 99 B6  
5U7809608CTR;B9 99 C6  
04C105263B;A3 99 C4  
1SB837431C5AP;B1399 A1  
1SB867769B7T8;B9 99 A4  
N90812302;A1 99 I3  
5U0919963;A2 99 I6  
1K0711761B;A1 99 C9  
1S0601149GJZA;A2299 D3  
N10256404;A2499 E4  
5W0941700A;A6099 B2  
1C0945511ARDW;A6 99 E5  
030129689;A2 99 I8  
WHT001224;A1 99 H3  
N10492102;A2099 B4  
N10087802;A2499 B5  
5Z0863313RR6;B2099 A5  
7X0201920;A2799 A11 
5Z0837114A55U;A7 99 A4  
3098672991;A1 99 C1  
038121119;A2 99 G5  
7X0419051A;B2599 A1  
036103551P;A1699 B6  
030121121D;A1599 D2  
5Z0959565A1NN;A2 99 G1  
5Z080783355U;B7 99 A1  
5U4809606CTR;C6 99 A1  
6Q0831411A;A2299 E8  
06A115130;A2 99 E5  
3279062831;A2 99 B1  
1K0423810A;A3699 C1  
6Q08575389B9;A2799 C7  
032133062;A1399 B3  
5Z0201995C;A1099 E9  
5Z98601461NN;A1599 C3  
377905865A;A2399 A6  
5Z0885969A;A1799 C3  
377881595A;A1199 D6  
373941043;A3099 D7  
1K0853665K9B9;A1199 A9  
1K5807305;B1 99 C3  
N10304102;A1 99 C2  
1S0807248C;B3 99 B2  
N0177326;A2499 C4  
06D109611H;A5 99 C5  
5U0601027H03C;B2399 B2  
5U4853515E9B9;B1399 D35 
G00045002;A4799 A1  
7P6955427;A3199 B2  
5U6810971A;B2699 A9  
5U6810972A;B2699 A14 
1SB853630FXC;A2 99 B2  
5C6807433J;B8 99 A4  
N91096702;A3 99 A5  
5N0827025G;B6 99 C4  
4A0867276A;A3 99 J4  
5U6809905AGRU;A1199 E1  
5C6945106B;A1099 C1  
0803113011;A2499 B7  
030129713BS;B2599 A1  
5U6807417MGRU;A5199 A2  
N0385491;A3 99 A1  
5U7803713CTR;A2599 C1  
5Z4845022B;B8 99 C6  
7P0129620A;A4 99 D4  
N10505301;A1 99 F4  
5Z0010771G;A1 99 D11 
5W9807194;A1699 E2  
5W0807239;B1699 C4  
5Z4809429;B1499 C6  
N90817302;A1799 C8  
N90787802;A3 99 E3  
6Q0411334B;A2599 D2  
3217211731NN;A6 99 G2  
5Z0807217NGRU;A5199 A1  
5U48374401NN;B1899 B3  
5U6853501A9B9;B1599 F6  
5Z08580671FR;A2299 C5  
06A906262ED;A4699 C2  
5U6945095;A3499 C2  
377201201D;A2 99 G1  
377016990A;A2899 E6  
5Z6827025HGRU;B7 99 C6  
5Z0945094C;A8299 D13 
5Z0945096C;A3299 C8  
WHT005518;A1 99 D2  
WHT005518G;A1 99 E2  
WHT005518E;A1 99 D2  
WHT005518D;A1 99 E2  
WHT005518C;A1 99 E2  
WHT005518B;A1 99 E2  
WHT005518A;A1 99 D2  
3C0853934;A2 99 I7  
5Z4867012AHIOM;B1299 B18 
1J0955964F;A1599 C1  
032103063AD;A3699 D6  
6C0905865;A1099 C1  
5Z0407255AR;A8 99 E5  
1K9898912B;A2 99 G8  
1S0413031F;B2 99 C5  
5Z08535019B9;B1599 F3  
0C3142063A;A4699 B2  
5C7867255C81U;A2899 C6  
5Z9827025CGRU;B8 99 C4  
5Z0807833DEL7;B1199 C7  
5W0711118CVNQ;A2399 A8  
377853813C1GR;B3 99 B5  
6Q0809958B;B2699 A13 
6Q0853666E9B9;A1099 E1  
6Q08077179B9;A2499 C2  
N0101891;A3 99 H1  
6E0953123;A2299 D2  
5Z0807421KTGN;A5199 A2  
020409374;A6 99 B4  
1JE945096C;A3299 A10 
5Z0422893K;B1899 B3  
058103383Q;A2699 D10 
N90654502;A3 99 C3  
6Q0853273A9B9;A1999 B3  
5Z48374391NN;B1399 D31 
1JE945094B;A3399 A10 
107905855CH;A1899 A1  
032115629N;A2599 A4  
5W0941043;A8199 B1  
5Z0881317A71N;A1399 B2  
5Z0413175;A3799 C4  
030107099A;A2499 D6  
377853653H1NN;B2999 B2  
5W08585651NN;A1499 E1  
5W08585591NN;A6 99 B5  
6Q08536669B9;A1199 A2  
6Q0971537B;A1299 A5  
5Z3837249;A1999 B5  
5Z9945223E;A3099 E8  
5Z0807217LGRU;A5199 A1  
5Z0807217KGRU;A5199 A1  
6Q6827499C;A2 99 D2  
1K1819653B;A3999 E5  
5Z0867769A1CL;B1099 A4  
020409378;A4 99 E4  
1S0423812A;A1499 A1  
1SB827705C;B1899 C6  
WHT002494;A1 99 G1  
5N0854732B9B9;B1599 B5  
5Z9807863B;A2799 E11 
5Q0513425J;A2799 C5  
2HH8074909B9;A1099 A4  
5U4853413E61V;B1299 B16 
1SB837462C;B2099 C5  
5Z4853675739;A4 99 C4  
6QE721503D;A6099 C1  
5Z0945096B;A8399 C5  
5Z6807421AAGRU;A5199 A2  
5Z6807421RGRU;A5199 A2  
1JE945094;A3099 C1  
4L0886373;A1 99 C9  
6R0713274;A3 99 C1  
5C0407151D;B2199 B3  
5Z9955425;A1999 B5  
2372015514;A2 99 C2  
5U7853515D739;B1399 E1  
5W6945102;A2599 D3  
1K0823480;A2099 C1  
1SB813309GRU;B1999 C3  
5U5945095AC;A3299 B1  
5Z0129684B;A2899 D4  
377955975;A2 99 B5  
7P6854731C9B9;B7 99 A5  
5U0609617B;A9 99 B3  
WHT005518H;A1 99 F2  
3W0301323;A1 99 A5  
5U0915331A;A2799 C2  
1K0412303H;A7 99 I4  
D176501A1;A4799 A1  
5U0601147Z31;B1799 D3  
1J0947561C;A2499 C9  
6QE601147CYSW;B1799 E3  
5U5803907CTR;B1099 C2  
N90329105;A2499 C5  
5Z1857521;A3599 A2  
6Q0407365M;A9 99 A5  
5U0805584C1NN;B1599 H6  
7X0711591A;A2099 E7  
5Z9945093L;A5699 D2  
5Z98575939B9;A1 99 G3  
6Q4867110C9B9;A3 99 D4  
5U7853503;B1599 B3  
6Y0839181;A2 99 D3  
5Z6827025GCTR;B6 99 C1  
N10558002;A2 99 E10 
5U0867299B71N;A2 99 D2  
5N0807305;B2 99 D4  
5Z0858565D9B9;A1799 B2  
5U7512129;A2099 A9  
N10640801;A1699 A3  
3B0837209A9B9;A1 99 F8  
5N0853665E9B9;A2899 C8  
000979131E;A8 99 A2  
5Z0129684A;A1599 C3  
5Z6827025FCTR;B5 99 B6  
5Z0953235C1QB;A1 99 A1  
5U78539959B9;B1199 B22 
5U0951205C;A6199 A3  
7L6959781;A3 99 D4  
5U78575071NN;A2799 D9  
5Z38374721NN;B1399 C9  
3AA854662B9B9;B2999 B5  
5U48374711NN;B1399 C52 
036129846B;A2 99 B3  
N10530304;A2 99 I8  
5Z0919486E;A2399 C6  
6Q0711550;A2 99 A4  
1K98776519B9;B8 99 B4  
7X0853653C01C;B8 99 B2  
5Z1941007P;A8499 B3  
N90215604;A2499 A4  
5W0601147CZ31;B1799 C5  
1K8941297;A1 99 G10 
5Z4810610GRU;B1099 C3  
5U0941006C;A3399 D12 
5N0821135;A2099 A4  
5N0854731B9B9;B1399 F51 
5N0805903J9B9;B7 99 A3  
6Q0927189;A3 99 D1  
030129607CG;B2599 A1  
5U4853515D739;B1399 C10 
5U7871295;A1599 E3  
N91032702;A2 99 H10 
003507327;A1599 A2  
5Z4839330C;A2699 D5  
5U4837861;A2499 B1  
030133047E;A2 99 E10 
N90596906;A8 99 I2  
5X0711214;A4 99 D4  
6Q5945096E;A8399 B4  
6Q5945095E;A8299 C1  
5U1941005;A8399 A9  
5U7809921B9B9;A2799 E5  
5U5809605CTR;C7 99 A1  
107201594B;A3 99 B5  
5U785331301C;B1299 C14 
5U785331401C;A5599 B2  
1K9807375;A1499 B1  
N10609203;A2 99 B3  
N91048101;A2 99 A3  
5U7803883CTR;B9 99 B6  
06F133073D;A2 99 F6  
5W0145285;A2299 B2  
5U7853381A9B9;A2899 A8  
5U78539869B9;B1199 C7  
070115562;A4 99 A5  
5Z1857538CGRU;A5799 C1  
5Z0615301B;A8 99 B4  
5U0422811A;A2199 A8  
N91082401;A1 99 G3  
7X0945097;A2499 D1  
5N0839885H;A1399 D4  
2H0857285A9B9;A2 99 G11 
1K0955455;A2499 C4  
5C0505436A;A8 99 D1  
5N0854819C9B9;B1399 D32 
5U0955409A03C;A3199 D2  
1S0501541F;A1899 A4  
N90735604;A2 99 G7  
N90451902;A2499 B5  
N91134301;A1 99 E7  
N01950213;A1 99 B6  
6QE941008D;A3599 A2  
5U0881375;B2099 A5  
5U6959775;A1299 A2  
5U0959433AC;A8 99 C4  
N10262202;A2599 D4  
5U7945096A;A8099 C8  
N90896101;A8 99 E2  
5U3837478A5AP;B1399 D21 
N90832903;A2 99 D6  
5C6807305;B1 99 C6  
5C6807433;B1199 A5  
4D0971992;A1 99 H4  
5U7807421BGRU;B1099 A1  
8E0945299A;A6 99 A1  
6Q0411105R;A1199 E3  
6Q0411105Q;A9 99 C3  
7H0927189;A4 99 J5  
5U78074211NN;B9 99 A5  
5W0145933B;A3899 D2  
WHT001688;A1 99 D1  
5U7853121E9B9;B2299 D6  
026105401;A2899 A11 
5Z9945095E;A8399 C6  
079198405E;A4199 A2  
032141033A;A3699 B4  
032141026;A3699 C4  
5Z0853361A9B9;A2899 D1  
N10640301;A1 99 G10 
N0177234;A2 99 C2  
N91031702;A2499 C2  
3D0973703;A7 99 A1  
5Z1857537B9B9;A6099 B2  
5Z0959858A1QB;A2 99 F4  
377881293AU71;A1899 A6  
6Q4837477C5AP;B1399 D19 
WHT002437;A1 99 G1  
1K0423812J;A2499 D9  
5U7853415MY2;A2699 B8  
5N0199262K;A5599 B3  
2174193411;A2 99 B8  
5N0949101C;A8 99 H3  
5U7601203A;B1999 E4  
032141034D;A1099 B7  
5Z6827550G;A1599 D4  
5U4839249A;A1799 E8  
5U08055839B9;B1599 C1  
5U08055849B9;B1599 B5  
5U4831055DCTR;B7 99 C1  
101905622;A3899 A2  
5Z6827301;A2 99 F10 
026103547A;A2699 C1  
5Z6827517K;A1799 C4  
1SB8374805AP;B1399 F1  
3AA955453G;A1 1  A1  
G000405A2;A4799 A1  
N90946201;A2499 D1  
5U0941607D;A2499 A3  
5N0807241BGRU;A3 99 B6  
7X0407304;A3499 D2  
5Z4959855A1QB;A1499 D5  
5Z3831721F1NN;B1899 D7  
5Z086338771N;A2 99 C3  
5U4853753D739;B1399 D26 
5U78272299B9;B2899 A1  
03L109145B;A2799 D4  
6Q1858373BR82;A5 99 H3  
N10272302;A2499 A4  
D190MKDA3;A4799 A1  
N90937702;A1799 C9  
7L6867515H9B9;B1099 B25 
5C6853651AZLL;B1 99 A3  
5X0857522;A2199 B7  
8E08642294PK;A3 99 E4  
06A141015AH;A2899 C8  
5N0810972;B2699 A9  
5C6813301;B9 99 B4  
WHT005651;A4699 D1  
5U0407256H;A3599 D5  
N10716901;A2 99 A5  
561423810;A2999 E8  
6QE805275B;B1099 B36 
5C6853671RYP;B7 99 B4  
5C6853666A9B9;A2899 A4  
4H0951253A;A1 99 E2  
1J0711280C;A2 99 C8  
5Z1857507E9B9;A3099 D8  
5Z6853542B9B9;B2899 A1  
026906161B;A3 99 B6  
N90517304;A1699 F3  
8E0864227;A2 99 A9  
N90132606;A3 99 F5  
03C906051F;A2099 C4  
06G260849;A5 99 A2  
N10536103;A3 99 C3  
N10629602;A3 99 B4  
5U1837016AH;A1399 A2  
5C5071609GRU;B1 99 A6  
N90898007;A2 99 B5  
5U7803135CTR;A1399 C3  
5U0711113MOUI;A2399 E8  
5U0998002A;A3299 B2  
5Z9827505A;A1199 A4  
6U0817064;A2 99 D8  
5U0804181CTR;A1699 D3  
012141741;A1 99 F10 
5U7857522;A1399 D3  
1K1823633B;A2099 E2  
5W0821105D;B1199 C4  
5W7807141TGN;B6 99 B6  
06D103634E;A1899 B3  
377823503;A1 99 A10 
030199275M;A3199 D10 
5U086729971N;A3 99 C1  
5W0011031;A2899 E7  
5X0012115D;B1999 C6  
N10211202;A2 99 H6  
5U1857507K9B9;A3199 C10 
5Z4857705AARYV;A2799 C1  
5Z4853705G9B9;A2099 C1  
036129625AF;A4 99 G2  
04C198151B;A2399 A6  
5U1857507N9B9;A3199 B5  
5C6827229A;A2499 C5  
5Z0820159A;A1799 E1  
1K0909133;A3 99 D3  
7P6951221A;A2299 B5  
5C5853675C739;A1 99 D6  
5QM411303A;B1099 B4  
5GM941700A;A8199 B3  
5U1857508K9B9;A3199 D8  
5QM129635;A2099 B9  
06A115611S;A3399 C3  
N10739002;A2 99 C6  
5U1857508M9B9;A6399 C2  
5Z08579429B9;A1 99 B10 
5U0937548C;A1099 B8  
5N0839901A03C;A3199 B12 
3C0837891;A1 99 E4  
533863288A;A2599 B1  
028919081J;A1 99 B5  
5U7857508J9B9;A6599 C1  
5U7857508F9B9;A5899 A4  
5U7857507J9B9;A5899 C3  
5U7857507F9B9;A6099 D3  
5Q0122291AB;A1199 D3  
1SB863447A041;A7 99 G2  
5Z0959802C;A2099 D9  
02A141165R;A1 99 H2  
1SB601149CKJ;A2499 D1  
06K103144B;A1399 A4  
5U1805275E;B1899 C5  
5Z4857706ABRYV;A5599 D2  
5U786365171N;A2499 C9  
7P6807110B9B9;B5 99 A1  
N10785701;A2499 A4  
5GM839479B;B1399 F15 
032906034AB;A8 99 A4  
357853999B;A3 99 C3  
5G0805275B;B1099 B27 
1SB953123;A1799 B9  
5Z0941008C;A3399 B8  
5Z1857507H9B9;A6399 A1  
5U0927753;A4699 C4  
N90818302;A3 99 I2  
5Z4857706DHCP;A2299 E4  
5C0501376;A1399 A6  
N90629803;A2599 C3  
1SB8538609B9;B1799 A7  
5Z6807863D;A1299 A4  
2H0837762F9B9;A1299 B6  
1SB833055BGRU;B3 99 D1  
5U4839015H;A1999 C2  
5QM615124;A1 1  A1  
5QM615123;A1 1  A1  
5QM511115AG;A9 99 D3  
5GM949102;A1899 E2  
1SB833056BGRU;B4 99 C3  
6R6845237;A2 99 H9  
1S1858365AAM1;B2599 A1  
5U7871119H;B1099 B32 
5W6807417CREM;A5199 A2  
2X0109145B;A2599 D10 
2H0867276;A1 99 H1  
5Z9945311;A1 1  A1  
5U4809607AGRU;B1099 B2  
5U7407255L;A1 1  A1  
06K907386D;A1 1  A1  
1S2837973C82V;A1 1  A1  
N91034502;A3 99 D3  
5Z0845237B;A2 99 E7  
5N0807217EGGRU;A5199 A1  
5N0853651J9B9;B5 99 A6  
5Z9945096H;A8199 B7  
5U0010757D;A1 99 D1  
5U4839058;A1899 C3  
7P6959818AQWA;A1 1  A1  
5GM867762A82V;B2299 C7  
1K5809693;A6 99 G5  
6QE907107;A2499 C1  
04E103600C;A2499 B6  
3G0853651ABKZ;B2999 A1  
5Z4853421JLXC;A1 99 E4  
5Z6807423E9B9;B1299 C10 
5Z4853422K9B9;A7 99 D5  
079103245M;A1599 B3  
03L198701A;A2199 D2  
1SB807248C;B3 99 B2  
4H0121671D;A1299 C3  
3G0853778GRU;B1399 D9  
5C6867102D82V;A1 99 D6  
6Q5845214E9B9;B8 99 B6  
5Z0035548J;A2099 D2  
1S0711202B;A1199 B4  
04C103601N;B2099 A7  
171823395;A1 99 I4  
059109417J;A4 99 E4  
6Q5845026B;B8 99 B6  
1S0413031J;B1 99 B4  
6Q4809606L007;C5 99 A1  
04C103085A;A2 99 A10 
N10622502;A1 99 C5  
5Z68535049B9;B1599 C1  
4F0972708;A1599 F2  
7P6839167AGRU;A2299 A8  
1SB853102A3Q7;A1999 C1  
WHT001969;A1 99 E1  
5GM807441GRU;A7 99 F2  
5U0955023A;B2299 E5  
5Z68538609B9;B1399 D38 
5G9809909GRU;A1099 C5  
5G9809851;B9 99 B5  
WHT007406;A1 99 A3  
5Z4853516K739;B1399 E18 
000979132E;A2399 B1  
5Z68538599B9;B1099 B18 
04E971612AP;A6199 D2  
07K115611G;A7 99 A1  
7D0971798;A2499 B1  
5C0121070J;A2399 E8  
5U09621259B9;A2 99 G5  
3G0807300;A1 99 G5  
6Q4831056P007;B5 99 C2  
5N0853665H9B9;A1299 D9  
06K103269F;A7 99 A3  
5Q0121251GQ;B8 99 B4  
4A0867276C;A2 99 I2  
1SB805903B9B9;B1199 C7  
1SB807258A9B9;A2799 C5  
1SB805903C9B9;B2 99 B1  
WHT005284A;A3 99 E5  
5U7860025JMK1;B1099 B37 
6Q5833056007;B8 99 C4  
5Z1823531C;A1199 C7  
WHT007150;A3 99 E1  
7P6807938AGRU;A2599 B3  
5U4839015G;A2199 A2  
5U786746771N;A2 99 F8  
038903315AN;A4699 D1  
06A109119J;A2199 D6  
2H0831056AGGRU;B5 99 C3  
1SB837431B5AP;B1299 B3  
WHT003858;A4699 B1  
5C0411303A;B1099 B8  
5G0945105;A6 99 E2  
5G4072193HU3;A2699 C8  
N90500605;A1 99 H4  
5C5807549;A2099 D4  
5Z686765671N;A1799 C4  
5N0807248D;B3 99 B5  
5N0853677H9B9;B2299 B6  
5Z08532749B9;A2699 A1  
0C6301189;A2399 D9  
5U5813319AGRU;B2299 D5  
5G0919494;A1 99 I11 
5G6827705E;B1299 B6  
34D937087DZ00;A4699 A3  
5C6807441D9B9;A4 99 D5  
5C6807863B;B1099 B11 
5Z0971085;A1299 C4  
5U7864842C;B7 99 A4  
06K109467P;A1 1  A1  
5U7843871M;B9 99 A1  
5Z9853705B1NN;B1899 E4  
1SB121205;B1799 A4  
5U7853705B9B9;A2399 A7  
5U7199315B;B1099 C4  
5U7853502A9B9;B1599 C4  
5Z0947105EY20;A1199 D3  
8V0798266;A1 99 E8  
04E141031D;A1099 C6  
06K121111P;A6399 A4  
5N0845213E;B2199 D6  
1SB853665EGRU;B2899 A1  
5U0853657B739;A2699 B6  
2H78536969B9;A2 99 C4  
5U0853666K9B9;A2899 E1  
5U0867109;A1 99 D6  
WHT003859;A4699 C1  
5U0201922A;A1499 D1  
5G0698459;A2 99 E10 
5C6807287F9B9;A2699 B10 
5Z6827933BGRU;B8 99 A6  
5G0867289A;A1 99 E4  
5U0906355C;A2 99 I8  
1SB9598559B9;A6 99 F1  
5U7807142FREM;B1999 E4  
5Z4853805GUA4;B1299 C13 
5Z6813301HGRU;B8 99 B1  
5Z4809605KGRU;C5 99 A1  
5Z4809606JGRU;C6 99 A1  
5U7827129C;B1099 A3  
5Z0820160;A1499 A6  
5N0837211D9B9;A3 99 J5  
1S1941015M;A3099 C4  
5U0199315E;B1099 D1  
5C0413031BE;B1 99 B4  
5G1837879DGRU;A1 99 E9  
5N0853666A9B9;A2299 C5  
5N0951221B;A2 99 D2  
5U4839016F;A1399 A5  
1K0253144BD;A3299 B2  
5Z4839472B1NN;B1399 D11 
5U0853653D041;B5 99 B2  
5U0807239D;B1699 B5  
5U0853665M9B9;A1199 C7  
5U7853502B9B9;B1599 D3  
5U7853501B9B9;B1599 F1  
5U0863319A71N;A1399 B2  
038109454A;A1 99 F9  
1K0010833P;A3 99 F2  
0CF409189C;A1 99 C9  
5G0845411ENVB;B2199 B6  
5U0051446;A2299 B6  
3Q0511115AQ;A6 99 E9  
5C7857508AP;A2799 A8  
06L109257F;A1 1  A1  
5U5813320AGRU;B1999 B3  
5U4853515FGRU;B1399 E41 
5K0853675SFXC;A2 99 C6  
5Z0837114GZI5;A2099 C6  
5Z0821022RGRU;B1199 C4  
1K9807863A;B1199 B5  
1SB820721;A1799 E2  
5U5809606BGRU;C5 99 A1  
2H0407295;A1 99 D9  
5U4857705JHCP;A1499 C2  
5U4857706JHCP;A5599 B2  
5U7199315A;B9 99 C6  
2H0412047A;A2 99 H3  
3Q0199555H;A2499 C9  
5GM833056C;B7 99 C6  
N90942901;A2499 D4  
5U7018761B;A2699 D3  
5C6809835;C6 99 A1  
N01713125;A1 99 C10 
N91174301;A2 99 B5  
5U7860188KN2;A1899 C4  
1S6813333DGRU;B2199 E6  
5Z0945095B;A3099 D9  
5Z985353755U;B1099 B30 
5G0601171XQI;A1699 C2  
5G0853675BJZQ;A2 99 C7  
5G08536012ZZ;A1 99 D8  
2H18194039B9;B8 99 A4  
5Z4831721E1NN;B1899 D7  
1SB919673A;A1399 C5  
1SB805932;A7 99 C5  
1SB821106GRU;B1199 C1  
03L145215G;A2 99 C7  
1SB809605GRU;C4 99 A1  
5U0807239C;B1699 B4  
5U0807240C;B1699 C4  
1J0803091P;B9 99 C6  
5U0955409B03C;A5499 E1  
04E906032;A5799 D4  
N0438092;A3 99 I1  
5Z1857508M9B9;A6499 B3  
5C6853289041;A1299 C6  
5U5809931CTR;A6 99 E4  
376827855;A2 99 G7  
5Z6945106A;A1499 C2  
5U7809605EGRU;C5 99 A1  
5U5817111AGRU;A2199 A1  
2H0198308;A1099 C6  
N10284101;A2499 B4  
WHT005518J;A1 99 F2  
5Z0805588P;B3 99 D4  
5Z6807421PGRU;A5199 A2  
5U0819707ST3;A1299 C5  
3C0407365B;A1399 A3  
5N0959843B;A1199 D4  
5U0853666J9B9;A1699 E8  
5U7813115AGRU;B9 99 B2  
03C010830C;A2499 D5  
5Z6807305B;B1 99 C6  
6Q0199555AR;A9 99 E2  
6Q0723173A01C;A2099 E3  
5Z0805116JGRU;B9 99 B6  
6QE601147D8Z8;B1799 C3  
5Z9945094L;A5999 E3  
3C8949102D;A2499 C9  
5N0837901B041;A3199 A9  
5U7853501A9B9;B1599 C6  
1Y0837111;A2 99 D3  
5U0805115AGRU;B9 99 B6  
1S0423810A;A3699 C3  
N10469202;A2 99 D11 
5U6807417JGRU;A5199 A2  
5U6807417KGRU;A5199 A2  
2H5807628B9B9;A3 99 F1  
5Z4831056BGRU;B5 99 C4  
5M0820536A;A1999 B3  
1059415391;A2499 D5  
1S0823031CGRU;B6 99 C6  
1SB831055AGRU;B6 99 C4  
1SB831056AGRU;B7 99 C5  
5Z4854950BAJ;B1599 E4  
5U7898010;A1399 E3  
06A919501A;A2 99 B8  
036105101AM;A2399 C11 
5X7809605BCTR;C6 99 A1  
5Z98601451NN;A1499 E2  
1J0827713;A2499 C2  
6QE8575089B9;A6099 C4  
5Z4837462A;A2899 E4  
2119452311;A6699 E4  
2119452415;A6799 C4  
2H5853932D;B1299 D2  
5W0807217DGRU;A5199 A1  
373857522;A1299 C1  
373857522C;A1199 C3  
5Z48374401NN;B1399 E52 
6N0955427A;A3299 C4  
3B0837879AGRU;A1 99 G10 
5Q0412303;A1999 C3  
5Z4867110A71N;A5 99 B2  
5U0853675AGQF;A2 99 A4  
5Z6801067A;A1 99 C3  
036103601AL;A7 99 C3  
1KM898653;A2299 A3  
5Z0823729;A1 99 C5  
N10286110;A2499 A6  
G000650;A3699 C7  
1K0129620;A4 99 A5  
7X0311105;A2499 E2  
3X0407469;A1 99 B9  
5Z0853767AZI5;A1899 D5  
5C6805588Q;B3 99 C6  
5U0500051F;B2599 A1  
5Z4853371B71N;B1599 F4  
5U7853308A9B9;A2899 C8  
1S0825201;B1099 A5  
5Z0853665L9B9;A1199 C6  
5Z0945093D;A8199 B6  
5Z0945094B;A3199 D10 
5U0955425G;A3199 C5  
5U0959801A;A1099 C5  
1S0825202;B1099 A2  
N90827102;A2 99 I2  
N10721501;A1 99 E3  
5Z0853677H9B9;B5 99 B4  
5U5853687C739;A1 99 A4  
1SB941016C;A3099 E9  
N10218708;A1899 C3  
5Z9813301CGRU;B9 99 B3  
1SB807305;B2 99 D3  
06J115403Q;A4 99 D8  
5Z6945701A;A5899 B4  
5U7807141GGRU;B2599 A1  
WHT005518K;A1 99 F2  
0AM141383G;A3 99 D5  
0AM141383E;A1799 D6  
0AM141383A;A1 99 I7  
0AM141383K;A2 99 A8  
026103171D;A2399 B3  
1JE853601ULM;A2 99 C2  
5C5853687P739;A2 99 G6  
5U785342161V;A2599 D2  
5U7853413HMY2;B1299 B5  
5U0903025H;A3199 A4  
N10518901;A2499 B4  
5G0919493B;A2 99 B5  
5G0919494B;A1899 C1  
0AM141383C;A1 99 I7  
0AM141383B;A2099 C3  
1SB8374775AP;B1399 E24 
06A198151F;A2 99 C4  
5U7809606EGRU;C6 99 A1  
5U7809606DGRU;C7 99 A1  
5Z0807833BEL7;B8 99 B1  
030115561AR;A4 99 E9  
4H0951253;A2299 C8  
5Z1837015AG;A9 99 A1  
1SB821105GRU;B1099 C5  
5U1837016AC;A1299 B4  
02T301209A;A2 99 H4  
5C6827025A;B8 99 B2  
038103196;A2 99 A3  
5W0821106D;B1099 C7  
02K409210A;A2 99 C3  
5U5853687EGQF;A2 99 D3  
6Q0407623E;A2 99 I11 
5U0837973A1NN;A2399 E3  
5U4853753FGRU;B1399 E26 
357609711A;A2 99 D10 
5Z0615301D;A3499 F2  
2H0805569A;A1999 B4  
5Z4845026C;B8 99 B6  
5U1837015AE;A5799 B4  
N10412804;A1 99 F3  
7N0853675AGQF;A7 99 E1  
5N0854939DUBN;B8 99 B1  
2H7853702B9B9;B1399 D50 
2H0121333C;B1599 E3  
2H0857604H2ZZ;A6499 B2  
5U7601147Z31;B1799 C6  
5Z0807221ACGRU;A5199 A1  
3C8945106D;A2199 E4  
WHT001761;A3 99 E3  
5N0853666E9B9;A1299 C8  
5Z9411105;A3699 F3  
5U3831055CGRU;B6 99 C3  
1SB807109C;B1 99 C5  
N10248804;A1 99 H3  
N90502103;A2499 A5  
1SB8394785AP;B1399 E1  
5U4853414G61V;B1299 D16 
5U0804414B;A2699 E11 
5G0805912L;B1699 C4  
N91130301;A6 99 I1  
1SB8394775AP;B1399 E4  
1K0129607AG;B2899 B4  
5K0941699F;A3199 A9  
5Z0941699A;A2799 D5  
5Z0941700A;A2899 B4  
N10261311;A1 99 B9  
1SB853290041;A7 99 A1  
N90897307;A1 99 F8  
5Z986776671N;A2599 C7  
5U0853657CEL7;A1499 B8  
5U0853658CEL7;A2299 C6  
5GM915105B;B3599 A1  
5U6853751ABAJ;B1399 B19 
5Z0919491N;A2599 A3  
1SB807241AEL7;A3 99 H4  
1K0122291C;A9 99 C5  
5U1612041R;A1699 B1  
03L145757F;A1 99 A5  
5U0803091CGRU;B1099 C3  
5U5863413BAM6;B9 99 A5  
5K0853675BCWWS;A6 99 F5  
06H145255F;A8 99 E4  
06B121119B;A1 99 L11 
N0138133;A1 99 I3  
5U5853995739;B1399 C22 
5Z0802125ACTR;B2099 E6  
1K0121070BD;A2499 A5  
5C6919492A;A2599 C1  
5N0122291;A1399 E3  
06A906433G;A4699 A3  
1SB121283;A2699 E9  
5Q0505323C;A2799 A5  
1SB857507D9B9;A5599 B2  
34D959655Z0P;A4699 B3  
03H103383K;A9 99 B2  
5U5863639C;A7 99 C3  
5U4809605BGRU;C5 99 A1  
5Z4853516HGRU;B1399 D19 
5U6809921A9B9;A2599 A4  
5U7807141FREM;B2599 A1  
03F919501B;A4699 C2  
04C906262E;A1099 A1  
3AF998490;A2199 D8  
5U0805116CGRU;B1099 D1  
5U0885501H;B1099 A5  
5U0857552G2F4;A6599 B4  
5U6809922A9B9;A2799 B10 
N91086801;A3599 C4  
085311115;A2 99 E11 
6N0853687H739;A1 99 B5  
377941044A999;A3099 D7  
5U7011031A;A5299 D1  
5Z0853677K9B9;B2899 A1  
2HH807490BRYP;A1299 B7  
5U0201218;A2 99 A7  
5U1857507M1NN;A5299 B3  
5U6807417LGRU;A5199 A2  
5U6807423B01C;B1299 D19 
6Q0821141;A2099 C3  
6Q1823531F;A2799 D1  
7X0121073;A2499 C8  
1SB8072579B9;A2899 C8  
1SB8072589B9;A2899 B5  
1SB807095;A2499 C7  
1SB807096;A1799 D3  
5Z6807787AEL7;B1999 D4  
1SB945096;A3399 B4  
2H0412303D;A9 99 B4  
N10765501;A1 99 D10 
1SB8531013Q7;A1199 B4  
5U5809905AGRU;A2 99 I4  
032905409B;A5799 B4  
3B0951221D;A9 99 B4  
5U4853414F61V;B1299 D16 
5Z0853101BZI5;B1399 D12 
2HH807221GRU;A5199 A1  
5U0501117F;A1499 E2  
5Z0853657BZI5;A1699 D2  
5Z0853658BZI5;A1499 D1  
1SB8575079B9;A2799 E6  
2H7807502C9B9;B1499 E1  
7X0201511;A1699 F2  
2H0599193C;A1299 B2  
5U7809922D1NN;A2699 B1  
5U1857003ELBI;B3199 A1  
5U09596241QB;A3 99 D4  
5U7853050A61V;B1299 D18 
1J0601027AJ03C;B2399 C1  
1SB853665CEL7;B2999 A1  
1SB853677A9B9;B2899 A1  
5Z9839329A;A2699 D6  
5Z4831055BGRU;B4 99 C2  
N10683301;A3 99 E4  
030129607CH;B8 99 B4  
5U4853754FGRU;B1399 E28 
5U5827025FGRU;B9 99 C5  
6QE419091N81U;B1999 A1  
5U5945093G;A8199 B4  
3B0035711B;A1 99 A1  
5Z6860025BFET;B1399 F44 
1S08537189B9;B1699 B2  
5Z4839476B;B1499 A6  
5Z6860026BFET;A1 1  A1  
04C129625B;A1199 B5  
1SB867912E9B9;B1899 C3  
5Z0853361FBAJ;A1099 D2  
04E129717C;A1 99 A9  
04E121687;A3 99 F4  
1K0615425P;A1 1  A1  
5U7609722B;B1799 C3  
1K0513425D;A7 99 C2  
5Z0853666N9B9;A2899 B4  
5Z9945096J;A8299 A8  
N91080001;A2499 E5  
N91229601;A8 99 H2  
1S0122447M;A3699 C3  
5Z686760171N;B1599 D6  
3AA959704BVW3;A1999 C3  
5N0945257D;A4699 A3  
5Z0810972H;B2699 A15 
5U4837329J;A2699 B4  
WHT005874;A2 99 D5  
5U0945253A;A1 99 A6  
5Q0122291BB;A3 99 D6  
5Q0298403A;A2799 B6  
5Q0253147;A2 99 I8  
5C0505435B;A4699 F4  
5C0422371;A5299 A3  
N10733202;A2 99 B5  
3R0971848A;A1 99 A2  
N91196402;A1899 D3  
N10251002;A1499 F5  
1J0955751D;A3499 D5  
SD144-5;A1 1  A1  
377823031ECTR;B7 99 C6  
1J0412359;A1 99 H2  
2119531615;A1099 C5  
2119531625;A1799 C4  
N0177328;A1 99 C4  
6Q6955758A;A3 99 F4  
WHT003682;A1 99 I10 
06K129717A;A8 99 E4  
N91084201;A1 99 D7  
SD143-5;A1 1  A1  
377857545;A3 99 B4  
377853585;A6 99 J3  
1J0919309;A1199 D2  
032103601AA;A1499 D9  
6RD423812B;A2499 D9  
N91099101;A2 99 E11 
N90986501;A1 99 D10 
5Z0955325A;A1499 C4  
3B0951253;A2 99 D7  
5Z0820744E;B2099 E2  
5C6919491D;A2 99 C5  
5C6807376;B1999 C4  
5C6807375;B1899 C2  
04E906031B;A6 99 D3  
2HH853763A9B9;A1699 C6  
02T311321;A2 99 H11 
2HH853766A9B9;A1399 A6  
377823507B;A6 99 F5  
ZBC609657;A1 99 I4  
5U0820744A;B2099 E3  
4H0973703;A2 99 I3  
323863950;A8 99 D1  
4H0973717;A7 99 F3  
04E199275;A1399 C6  
WHT003386;A1 99 H1  
N10661601;A1699 E3  
4H0973712A;A5 99 D4  
N91200401;A2 99 G1  
1S0407615;A1299 B5  
8P0971848D;A3 99 F2  
5U0945254A;A1 1  A1  
1J086792171N;A3 99 D4  
5C6807184A;A1799 B9  
5C6807183A;A1799 C9  
D180KU2A1;A3699 A7  
02U311122B;A3 99 B4  
1K5833302Q;B4 99 C1  
06L253039;A6 99 J2  
6R0857817;A2 99 I7  
1S0854819B9B9;A1799 A3  
5Z4853421K61V;A1 99 G7  
5Z4853421K9B9;A2 99 B1  
06E109417N;A4 99 F3  
5Z0919491M;A7 99 D2  
5Z0919491P;A1 1  A1  
5Z0919491S;A1 1  A1  
5Z1837113C9B9;A1 99 A10 
WHT005560;A2 99 B11 
7P1905217B3Q7;A2 99 B7  
5Z4853422K61V;A2099 D8  
5Z4853421JLVL;A2 99 C1  
7N0907530AKZ00;A1 1  A1  
5G0947133E9B9;A2299 B4  
5GM915105C;B3599 A1  
5Z0805275R;B1099 B20 
5G0823707;A2499 E2  
5Q0121087F;A1 99 G3  
N91239501;A2 99 B10 
N10738801;A2499 D5  
N91186302;A1 99 H6  
N10702603;A1 99 F6  
5Q0971848B;A2099 A8  
1K0612181F;A1199 C5  
5U7853050MX1;B1299 D12 
5U6971065;A2999 A1  
N91217601;A2499 E6  
5U7253181B;B2899 A1  
1SB867012JBDJ;B1299 B18 
6RD721410;A2 99 D11 
5U0010825G;A3 99 C5  
5G0837088B;A6 99 E5  
5C6882251B95T;A2 99 H10 
03F145853A;A1 1  A1  
04C905606A;A2299 C4  
5Q0937629C;A1299 E4  
04E906032L;A5999 D4  
5U0820721A;B2099 D6  
5U0422893E;B2899 A1  
1K0253115M;A1 99 C4  
5N0919397;A3 99 G5  
WHT006125;A1 99 H2  
N10435508;A2 99 G7  
5C5867287D82V;A1599 A4  
5G6867605E82V;B8 99 A4  
2H0317801;B2099 C2  
5N0201656A;A2299 A7  
5C5867707A82V;B2199 D4  
5N0201655A;A1599 A8  
7E0121113B;A1199 C3  
1SB867011LBDJ;B1299 B18 
5N1941005C;A3299 C12 
5C6853651AJZLL;B4 99 A3  
7P68532542ZZ;A1599 C8  
04E103066S;A2199 A1  
1S0511115BP;A1299 D3  
1T0919133B9B9;A1 99 C9  
04L906433B;A6 99 F5  
5U4809608AGRU;B9 99 C6  
5G6813332;A1699 E4  
5N08531012ZZ;B1199 A3  
N10632102;A8 99 E1  
1J0823359B;A3299 C1  
032121666;A3 99 B3  
037121688;A1 99 G9  
377807221AJ4M2;A9999 Z99 
000010006;A1899 A2  
5X0853665A;A1299 E1  
211829221E;A2499 A1  
0801417011;A2499 D1  
0801417071;A2 99 F3  
113141721;A1 99 G3  
5Z4853515HGRU;B1399 D16 
5Z0601147CZ31;B1799 B2  
101905608A;A2599 A4  
5Z0121253B;B8 99 B5  
N10665001;A3 99 F5  
5Z0860273A;A3 99 J5  
3015012191;A1 99 I5  
2115012211;A2499 D9  
377201171L;A1 99 B1  
5X0201801A;A1699 C4  
373853577A;A1 99 E6  
3B0837187B01C;A1 99 E2  
1J0121253R;B7 99 B1  
3056113014;A3399 B4  
211611483;A1 99 G4  
377837435;B1399 C44 
377837436;B1399 D49 
0491033853;A1999 B5  
N0177232;A1 99 C4  
001301207;A3 99 A5  
376611051;A2399 D6  
3256152893;A8 99 C6  
867827500A;A1 99 H4  
5Z4837249;A7 99 J2  
1J0411314T;A3 99 E5  
5X7827947;A1 99 C6  
377807193;A2099 A5  
377807194;A2199 F1  
06A103247;A1 99 C8  
5X4959801;A2199 D7  
1S0919506A;A1199 A5  
0361091212;A1499 C6  
013311105;A2699 B3  
030105263C;A1899 D2  
01431135110;A2299 C4  
113311363;A2 99 F10 
2115133811;A2099 B3  
6Q5807417GRU;A5199 A2  
6Q5807423B41;B4 99 A6  
6Q5807423AGRU;B8 99 C6  
6Q5807521B41;B8 99 A4  
N91082701;A2 99 I1  
1SB85883182V;A2299 B2  
04E103085AF;A1 99 D3  
2372015511;A2299 A6  
02A141180A;A1699 C1  
5X0121293;A2599 A5  
0133112854;A2299 E4  
06K905611C;A5 99 C2  
5Z0853101C739;B1399 F30 
WHT005227;A3 99 H3  
5U7860145AKN2;A2499 D9  
5U0867234A71N;B1699 A3  
6Q0199111K;A1899 D5  
377937131;A9 99 D4  
181971847;A2 99 A9  
5Z6809922C9B9;A7 99 C3  
WHT006663;A2 99 H2  
2H0511414A;A2 99 I4  
3B094710971N;A1 1  A1  
1H0819644B;A4 99 B2  
0133112573;A2299 C6  
5C6810972E;B2699 A1  
06J103138AE;A2599 C5  
000979166EA;A8 99 A3  
5Z0959753A;A2399 C5  
6QE837495A;A2 99 I8  
1J0253115L;A4 99 D3  
0133112575;A2399 D4  
377853707A;B1399 C1  
N91166401;A1899 A3  
5Q0253115B;A1 99 D3  
5X9827025CCTR;B9 99 C3  
377955651A;A5 99 G5  
431971848C;A2 99 F10 
1SB951101;A1399 A3  
5Q0803219C;A2 99 B6  
377010171;A2599 D2  
D185400A3;A3699 B7  
013311113;A2599 C4  
211809522DCTR;B9 99 B6  
2118372951;A3 99 G5  
3051210632;A1699 D4  
377121065AA;A7 99 D3  
014409187;A2499 D3  
0261053131;A2 99 D7  
5X0201801;A1099 B3  
6X0827951A;A2599 D4  
085311279;A2 99 G2  
443845631A;A2 99 D9  
0401052971;A2 99 F8  
373839477;B1399 E22 
373839478;B1399 F2  
377845123B;B1399 C33 
N0111671;A8 99 C2  
5GM807217CGRU;A5199 A1  
N0200291;A1 99 D1  
N0211302;A3 99 B2  
0481452551;A1099 D5  
0134093992;A9 99 A5  
03L145117;A2 99 F5  
06A103483D;A1 99 A5  
5X9845525;B1399 E30 
6Q5807394;A2399 B8  
N10626101;A1 99 F4  
06D103377;A2499 D1  
305412365A;A2 99 G9  
171412369;A3 99 E2  
3G0853601AJZA;A1 99 F6  
5G0959857DWHS;A9 99 B3  
5GB807217GRU;A5199 A1  
5U0945403;A2499 A2  
3G0945106A;A2 99 F7  
5Z6827550J;A2399 B6  
1SB853315BFZO;B1299 B9  
1S0121207P;B2099 B7  
06J115679E;A4 99 C4  
1K0899187;A1 99 I10 
1K0899183;A1 99 H4  
06J115610L;A3399 C3  
030103493DN;A1199 D5  
5G0959855LWZU;A2 99 E1  
5G0959855KWHS;A2 99 G3  
WHT005749;A2099 D6  
N10699801;A1 99 E5  
2H1820021C;A2699 C10 
3G0805903E9B9;B1299 B1  
1SB407762D;B2799 A2  
5GM86803981U;A1899 D2  
5Q0253144N;A1899 E4  
5U7199167A;A3699 C7  
3G0807178;B2199 C3  
5Z4809605PGRU;C4 99 A1  
5Q0971848C;A1799 D9  
3G08072879B9;A2599 C5  
3G0807251;B3 99 B6  
3G08532452ZZ;B1299 D8  
5U7843871S;B4 99 B4  
5GB853671RYP;B7 99 A2  
04C145853A;A2299 D3  
5Q0919673S;A1399 C5  
5GB807049;A1699 C4  
09G927363F;A1199 B4  
04E906262AH;A2899 C8  
5GB854661RYP;A2599 E7  
04E198725K;A1 1  A1  
5GB807863;B1199 B23 
030198030;A4 99 E9  
3AA919715;A1799 E2  
2H0941608;A2599 B3  
N90667402;A1 99 C8  
5W0881865;A3 99 F3  
1J0201969;A3 99 F4  
N90928702;A1 99 E6  
5N0601205;A2499 C1  
1J0857934;A2399 D5  
1T09192429B9;A1 99 D5  
N10582103;A3 99 E1  
N90295502;A1999 A5  
N10476301;A2 99 F7  
N10597701;A1 99 C3  
000979026E;A2599 A1  
N90859903;A1899 C5  
066109570;A1 1  A1  
06J121119B;A2 99 H2  
012409419;A1 99 A4  
1J0858189CB41;A1 99 I1  
WHT003954;A1 99 C7  
1K0133366BK;A3499 B3  
4H0973714;A1 99 D5  
021109471;A1 1  A1  
N10650501;A1 99 F10 
07P973702;A2 99 F2  
8K0973724;A2499 A3  
5U0711116E;A2 99 G1  
N0195339;A1 99 D4  
1K0122157GC;A2199 E1  
8D1723173B;A1 1  A1  
1Z0837732A;A1 99 I6  
N90477002;A2 99 C7  
5U7807421GBAJ;B1099 A3  
5U7945095J;A8099 C5  
5U7945095G;A8099 B2  
5U6945095BD;A3399 E1  
5U0807221RGRU;A5199 A1  
5U0853665AA9B9;A1099 E3  
2H6805541;B1399 B11 
5U0711333BZI5;A2 99 E11 
1S0919275CBT5;A1899 C2  
04C141015M;A8 99 B6  
5Z0201801A;A2199 B5  
2H0411313D;A1599 D5  
5Z48533149B9;B1299 B7  
5Z4854940ABAJ;B2299 C5  
5Z4854939ABAJ;B1399 F37 
3G0898986;A1 1  A1  
3G1941114A;A8399 C8  
5U0853653G041;B7 99 A4  
5Z9807393B;A2599 A9  
5Z9807394B;A2699 D7  
07C906149;A1 99 H4  
WHT006235;A1 99 H2  
3G5839644J7Z7;B1399 D13 
5U5807417JGRU;A5199 A2  
1S0816411A;B6 99 B3  
09G321361D;A2699 D11 
04E145299E;A2299 D4  
1SB837249;A2 99 F1  
04C129601B;A3699 A1  
04C103560F;A3 99 B5  
04C145673C;A2699 C4  
5Z4857706AARYV;A2999 D2  
1SB853316BFZO;B1299 C14 
1SB853316AFZO;B1299 B10 
5Z0853653MJZA;B5 99 B6  
036998076;A2599 C1  
5Z4959855B1QB;A2 99 D1  
3G0857521A;A1699 B8  
5C6807217DGRU;A5199 A1  
5U0011247;A3 99 C2  
1S0959455D;B2599 A1  
2H7807943C9B9;B1199 A4  
N10793601;A2599 C2  
107827539E;A1299 F2  
2H5807628C9B9;A7 99 G5  
5Q0411105DM;A1 1  A1  
5QM129607A;A3199 C5  
N91200901;A2 99 G6  
N10835201;A3 99 C3  
3G58855919B9;A1399 B8  
04E103101T;A2199 A1  
5C6809857EGRU;A2199 A8  
N91246401;A2 99 A1  
2H5807627C9B9;A2 99 B10 
3G0998492;A2499 E2  
3G1998002;A3299 E4  
3G0998120;A1 1  A1  
5Q0423831;A2199 D8  
3G5867914L5AP;A1 1  A1  
4M0845543;A5 99 A2  
N90183804;A1 99 A8  
5Z0122157F;A2699 B3  
N91096901;A2499 B6  
1SB837477A5AP;A1 99 A1  
5C6857933C;A3 99 H5  
03P907666B;A1 99 I10 
5Z0858560DFKD;A2299 E7  
6R0512135;A2399 E4  
1SB8075219B9;B6 99 B5  
1SB919491GRU;A2 99 H1  
5U7853381B9B9;A2499 C6  
5G0698647;A3 99 C2  
5U7860146AKN2;A2799 B11 
5K0853675NGQF;A1 99 A5  
5Z6945312A;A3 99 D3  
WHT007412;A1 99 A4  
1SB880204A;A3199 C8  
04E971612AJ;B2099 A3  
5Z0858061RFJV;A5599 C2  
5G6853859B9B9;B1399 B21 
7P0898955;A2 99 B9  
5Z0129618G;A2899 E6  
5Z0857121AFXJ;B2199 A1  
5Z0611053;A1599 E2  
5N0880385A;A2 99 A9  
5Z0907282;A8 99 E3  
5U7853382B9B9;A2699 A2  
5U0711461C1WB;A1299 E1  
1S0853273B5AP;A1699 C3  
5U7860147CKN2;A2599 A10 
5U7860148CKN2;A2599 C4  
5U7860043CMK1;A2199 A1  
5Q0121345C;A2999 D6  
5Z0857189DFJS;A2899 A9  
04E109153;A2 99 F1  
04E145875F;A1599 F4  
5U7860187AKN2;A1599 F5  
5U7860188AKN2;A2899 C8  
4L0898057;A3 99 B3  
5Z4857705ABRYV;A5799 E1  
5Z0711461BAJ;A3299 A3  
5U7803532;B1099 C1  
06K133073;A2 99 F5  
06E109417AA;A2 99 A4  
5U0885683A71N;A1799 F4  
6R0804181;A2399 E6  
1SB8538189B9;B1599 E5  
D366PR1A1;A2 99 C3  
1S0122073C;A3399 C2  
1SB121284;A1399 D4  
5G08575939B9;A2599 E3  
5G6877236;A1 99 D5  
1SB813312EL7;B2899 A1  
5Z4839475B;B1399 A3  
5G6867769FEH8;B1099 A2  
5U0407365;A1299 B5  
1SB867287AY20;B1699 C3  
5G0853617A;A1999 B3  
5Z9945106A;A2799 C5  
5Z6807155C9B9;A2699 C11 
038919081K;A3 99 C6  
04E919081A;A1 99 E7  
5Z0898030;A1799 E6  
5G0853675Q2ZZ;A6 99 F5  
5C5853806N88;B1399 F4  
06K919081;A7 99 F4  
5Z4839408A03C;A2399 A3  
5Q0971813;A6 99 G4  
06K109469M;A1499 D3  
5Z0857190DFGS;A6099 D4  
5G0853437Y20;A1 99 I11 
5U0601027G03C;B2399 B2  
030105431AG;A2 99 B11 
N10765801;A2 99 G7  
04E109111AB;A1099 B3  
N10618501;A2599 E2  
03L121049G;A3399 C2  
1K1863367BG07N;B3199 A1  
N0195306;A1 99 C2  
4A0867276;A2 99 G3  
03L121063H;A2499 E7  
6K0103493D;A1 1  A1  
N91044801;A6 99 C1  
N10514301;A2 99 C5  
5K0953254A;A2399 B6  
06E109417P;A1899 C4  
N10124304;A1 99 D4  
N10158605;A2499 C3  
000979225E;A2 99 E5  
N91108501;A2 99 B10 
3A0611475;A3 99 B3  
377614724;A1099 B8  
3B0122291C;A2 99 B8  
N91042601;A2 99 C2  
000979133E;A3699 A5  
3C0511359B;A2399 C6  
6R0971975A;A1 99 C5  
5U7871119B;B6 99 A2  
N10535502;A1 99 F9  
WHT001836;A1 99 E1  
N91059301;A1 99 I2  
WHT000232;A1 99 A1  
WHT001866;A1899 A4  
N90952501;A2499 D8  
N98926001;A1 99 F8  
5Z0612041K;A2299 C3  
1S0611764C;B1399 B6  
5G4837085C;A1 1  A1  
N10473402;A8 99 F1  
5Z0857003AAFJQ;B3199 A1  
5N0839432H5AP;B1099 A3  
5U7853705E1NN;A2 99 F8  
5G0868837AY20;A6 99 B1  
WHT007210;A5 99 G5  
N90737107;A1 99 E3  
7P0121365;A2 99 A4  
5U786746871N;A3 99 F2  
6Q0881254A9B9;A2 99 E6  
03L121011P;A4699 A3  
5U0711327E1NN;A6 99 E2  
5GM839480B;B1399 F22 
5U0611701C;A1099 C7  
N91191701;A2499 E4  
5X0412503H;B1 99 B3  
1S0959651;A4699 F1  
1S088146982V;A2 99 I2  
5Z4854940BUT;B1199 B33 
N10666601;A2499 A6  
6N0867190A;A2 99 B6  
06D103251;A1 99 B4  
06B121687;A4 99 G1  
06A906149B;A1 99 E2  
N01190710;A1 99 C7  
06K121132;A3 99 F5  
6X0512337A;A1699 D1  
7P6955964B;A1799 A2  
N90850701;A3 99 D3  
3G0853601BDPJ;A2299 D6  
N90995201;A3 99 F1  
06L903133D;A4699 D4  
N91071702;A2499 C5  
5C6827520B9B9;A2 99 B8  
2H0857297A9B9;A5 99 E5  
1SB941015C;A3399 D9  
N10405604;A2499 D5  
5Z0407365C;A1599 A1  
5U0407625;A1899 A1  
5U0920820B3Q7;A2999 E2  
5U4839330;A1 99 A1  
030129720;A1 99 A2  
5U5803703CTR;B1099 B14 
5Z6827705C1NN;B1899 D3  
5U48394401NN;B1399 B10 
5C6955453Q;A2699 C10 
1J0035437;A2 99 D8  
D172090A2;A4799 C1  
5U6955425;A2099 D6  
7P0998002;A3299 B2  
5U6827025DGRU;B5 99 C3  
2H2945095B;A6899 D4  
5U6853687D739;A2 99 B1  
030121131;A1399 C3  
5U6945096;A8099 B8  
1K0919341J9B9;A7 99 D3  
7P0907637;A2499 D3  
5K0853601FULM;A2599 B2  
N0902619;A2599 C4  
6Q0951221K;A1499 A3  
6X0973802A;A3 99 B2  
5N0919503D;A7 99 H3  
5Z18575079B9;A5899 A2  
5U0810871CTR;A2 99 B2  
8N0407297;A2 99 E6  
5Z6955711A;A6199 B2  
N10329102;A2499 B6  
N0195433;A1 99 D4  
5U3837400A;B1999 C3  
5U486729871N;B2099 E6  
06A109479F;A1299 C4  
N90808201;A1 99 D4  
5U7860147AKN2;A2699 A10 
N91120801;A1 99 B11 
N91128901;A1 99 G8  
N91089601;A1 99 C10 
5U7945257;A2199 A4  
5U7827537;A1 99 F5  
8K0831401D;A1599 B3  
5U7813319CTR;A2599 C5  
5U0601147MZ31;B1799 E3  
5N0807521B9B9;B2 99 B1  
5Z0837486A;A2 99 A11 
5U4867243Y20;A7 99 C4  
5U0807239A;B1699 D5  
5W4837329A;A6999 C1  
3C8857538GRU;A2899 A6  
3AA823359A;A3099 E5  
1J4853372GB41;A1 1  A1  
8T0973702;A2 99 F9  
1K0919341F9B9;A9 99 C3  
3C08645239B9;A1 99 D1  
6Q0407256AP;A3699 F5  
1J0973724;A5 99 D4  
5Z6827565H1NN;A2599 B2  
5W3837249;A1199 B2  
5U0937548A;A1199 F2  
030103353CS;A3699 B3  
7X0010497K;A3 99 E1  
N90564501;A3 99 I4  
032109101AK;A3199 B14 
5U7927807;A1399 C3  
5U4839401A;A2599 D11 
5Z4853372A71N;B1599 B6  
5U4837417;A1899 B3  
6QE857508E9B9;A6099 D4  
5U5867501KAM4;B9999 Z99 
5C0951221B;A1099 B3  
5C0951223C;A9 99 B4  
5Z0807421AGRU;A5199 A2  
5U0253059N;B2899 A1  
N98924904;A2499 D3  
030903221D;A2399 D2  
5U0820744;B2099 C4  
N10286108;A2499 A6  
5U0853665L9B9;A2899 D1  
5C6945105A;A1799 D9  
5Z3837330D;A2699 A3  
2HH8536779B9;B6 99 B2  
2HH853717GRU;B1599 E6  
5U0959455C;B2599 A1  
5C6919491;A1 99 H7  
5U0941008D;A3399 B1  
5U0941700;A5999 E2  
5N0919491D;A3 99 J2  
N91030102;A1 99 B4  
N90956402;A1 99 F3  
N10700201;A2499 E5  
1S0121207J;B2099 A4  
04C145299B;A7 99 D4  
1SB863463A1BS;B1299 C6  
7X0399201A;A3699 B5  
030133287D;A2 99 C8  
032103353AB;A2299 C5  
5Z0853685C739;A3 99 I1  
5Z0953503E9B9;A1299 C5  
5U48374721NN;B1399 D12 
5Z4839016J;A5799 C3  
5U7821022CTR;B1199 C4  
5U4839400B;B2299 B5  
6Q0809105F;B1999 D4  
013141701;A1799 D5  
1JE012115B;B2099 D5  
1J0863359E2QL;A1 99 G9  
2379535131999;A1999 C9  
5U7945097;A2799 B5  
5X3853706;B3 99 B5  
5U5827302C;B1999 B6  
5U0807217GGRU;A5199 A1  
5U0853677B1NN;B6 99 B4  
5U5803511CTR;A2599 B4  
N91150601;A1 99 H4  
5U78530539B9;A1 99 A6  
5U0419669D82V;A1099 F1  
3AA998490;A3 99 G3  
3AA955453J;A2299 A2  
3C0955489A;A1 99 B2  
5U0810872CTR;A1799 F5  
5W0201920A;A2799 C10 
5Z9807417AGRU;A5199 A2  
N90626208;A1 99 C2  
5Z0807241;A1399 D1  
6Q0820771B;A7 99 D4  
5U0937548;A1199 A1  
6QE945105A;A2499 C1  
6QE945106A;A2599 A5  
3AA853765B3Q7;B1399 D29 
3C0407366B;A1199 A3  
5C6945094;A3399 C5  
357609707A;A1 99 C4  
5Z0853671A9B9;B5 99 B4  
6QE825202;B7 99 A3  
1SB845202A;B8 99 C6  
06B105313D;A3 99 G4  
N0195315;A1 99 D4  
6L0947415;A2499 C8  
5Z0915345B;A1499 B8  
5Z0711049Q;B9 99 A6  
1K0505553A;A2 99 B1  
5U4863955;B2299 E2  
5U7827550;A2599 C2  
5N0945105;A2 99 B1  
N0902616;A2 99 H9  
030906034AJ;A1799 B3  
5Z6801849B54V;A2 99 B9  
5Z6801149H;A1 99 C4  
5U0947561B;A4 99 C2  
5G0854328B5AP;B1399 D5  
5Z4837886;A1599 B3  
5U0853687DGQF;A2 99 C3  
1J0973081;A1 99 B1  
5U0711049B;B1199 C5  
5X4809641ACTR;B1499 B6  
3C0853600AMQH;A1399 B4  
5Z08533629B9;A2899 B6  
5Z0853685D739;A2599 E4  
N01021813;A1 99 E3  
5U68535049B9;B1699 E2  
5U7860381KN2;A9 99 B4  
5Z08533619B9;A1099 B6  
5U0201294A;A7 99 C2  
N10738301;A2 99 E8  
5U4853516D739;B1399 C7  
5Z0853687H9B9;A2 99 F1  
1K0513425;A1999 C4  
5U7857521;A1399 E3  
WHT002001;A1 99 D7  
N0102535;A1 99 F3  
2H7853311;B1299 B14 
5U0615312;A6 99 D6  
5U7945095C;A8099 B1  
5U1857507A1NN;A2999 B8  
5U08536771NN;B6 99 B6  
5X0419775;A1799 B4  
5U6853687;A1 99 B10 
5U18575071NN;A6199 A4  
2R0919213;A3 99 D2  
5Z0857504A71N;A2899 B1  
5W0145933A;A3899 E2  
5W0145933;A3899 E4  
5W0145933C;A5 99 C1  
1K0201801E;A1799 E5  
N10549603;A2 99 H9  
N90656501;A2 99 H7  
02T301211D;A1799 B3  
5C6807109C;B2 99 D6  
1K0201160BG;A9 99 D2  
6Q5945096F;A3599 B3  
5N0853687B739;A3 99 A2  
5N0807217ENGRU;A5199 A1  
1JE601147AYSW;B1799 C3  
5U5827025EGRU;B8 99 B1  
3AA955453H;A2399 B1  
SPA198495A;A2499 B7  
5U0937537A;A1199 A4  
5Z0919341;A1 99 B8  
5Z0422379A;A2 99 G3  
030129704A;A1199 C4  
5U0941007;A8399 B10 
5Z0853687M9B9;A2 99 H11 
5U7803173CTR;B1099 D2  
107837233;A3 99 G2  
1K0423812K;A1899 B5  
5C6805706D;B1199 B22 
5Z98075419B9;B5 99 A1  
5Z6945095J;A8199 C1  
6QE853754GRU;B1399 D23 
5Z6807863A;A2499 D2  
5Z1820741E;B2099 B2  
1J0862533H2QL;A1499 C5  
5Z0201922C;A2299 A8  
N10560702;A2499 B5  
1J1959565B01C;A9999 Z99 
N10109210;A1699 D3  
N0195036;A2499 E4  
5U1941008C;A8499 B6  
5U0941008C;A8099 B4  
5U1941007D;A8499 C9  
5U1941008D;A8499 A7  
2H0853601AULM;A1099 D4  
1J0609721AQ;B1399 D27 
5U0951205B;A3699 A4  
5U5807393;A1499 C8  
6QE857508A9B9;A2999 C5  
5U7827623A;A2499 C5  
5U7853504;B1599 A4  
5Z0853362A9B9;A2899 C4  
5U7860146KN2;A1899 B2  
2H5829211A;A3 99 B3  
5Z9945093M;A2899 E1  
5K0959855XSH;A5 99 C3  
5U4837329B;A2699 D4  
2H7839761D9B9;B1899 B2  
N10701501;A1 99 J4  
5Z0809962E;B2699 A7  
6QE857508C9B9;A6199 C4  
5U48394391NN;B1999 C2  
1K0513167;A2 99 I7  
03H133237G;A1 99 L1  
5Z1857538EGRU;A2899 E2  
5U3831721A1NN;B1899 C4  
5U0804182CTR;A1999 E3  
5Z0823363A;A1899 B5  
N10640901;A1 99 I8  
5Z4837885;A6 99 A1  
N10240004;A2 99 C9  
5U7857507A1NN;A5799 C2  
5Z0820115A;A2499 E4  
5U0853665B1NN;A1199 B2  
N90698801;A1899 C3  
1K0711699;A2499 A5  
6QE945095D;A8399 C4  
N90693804;A2 99 I5  
5N0831055B;B4 99 C1  
5N0845201;B8 99 B6  
N10699901;A3 99 I3  
N91127101;A2 99 A4  
5U68535039B9;B1999 A5  
1K0423811K;A4 99 C2  
6QE945105;A2299 B6  
5U7860382KN2;A1599 F2  
5U7860148AKN2;A2799 B6  
7X0721365;A2599 B1  
5U0959493;A2199 B1  
5Z0422613;A5 99 E3  
5Z0423831;A1799 A8  
LIT04145170;A2599 D1  
6Q1819415B9B9;B1199 B29 
1JE807423;B1399 E11 
5U4837418;A2699 B5  
5U0803505AGRU;B1099 C1  
5Z9845026C;B8 99 B6  
N90749802;A8 99 E2  
6Q0199851BB;A3799 B3  
06H109121G;A2299 C2  
0803011131;A5 99 G5  
5U7853504A9B9;B1599 C3  
1J0129620;A4099 D3  
2171296201;A2799 A1  
5X0251509;A5 99 E2  
0401011436;A1 99 F6  
2114055371;A1599 D4  
6Q0815077A;A2899 D4  
5Z08197281FR;A2799 D8  
5Z0857522;A2299 C1  
5Z0955425A;A3199 E5  
0269052413;A2599 D1  
3273994411;A2 99 I4  
5Z0803206ACTR;B9 99 A4  
5GM915105AG;B3599 A1  
5N09192341QB;A2 99 B5  
377399115B;A1199 B5  
377399151A;A1899 C4  
1J0807305;B1 99 C1  
431419775A;A2 99 A2  
1J0823301;A3 99 H5  
377823301D;A1499 E1  
1J0823302A;A2 99 D4  
377823302C;A3 99 I1  
1H6971904;A1 99 F3  
N01224110;A2 99 A10 
D454300A2;A4799 C1  
5Z0810971;B2699 A10 
6Q0412359;A3 99 D2  
5X4809605ACTR;C5 99 A1  
4D0012219A;A5 99 G1  
6Q085757701C;A1399 D2  
1J0018977A;A8 99 D2  
5Z1614684B;B2199 B5  
5N0711761;A5 99 A4  
04E133366AB;A2899 B11 
N01471015;A1 99 J3  
N10507201;A4 99 C2  
N10546403;A1 99 E4  
5U0412359;A2 99 C3  
2H0837911C9B9;A1899 E1  
N10310001;A1 99 I4  
5Z0010698M;A5 99 D3  
N0124382;A3 99 C1  
2114113091;B1099 B24 
2116010272413;B2399 C2  
1J0805971B41;A2599 A4  
377807311B;B1099 B28 
377807440;B1699 E5  
373837013B999;A2799 A2  
2111034931;A1 99 I5  
3B4839879AGRU;A1 99 H4  
N10255501;A1 99 E11 
0401011435;A1899 C1  
036103493R;A3399 A5  
3258207218;B2099 D4  
2113115411;A1899 B4  
0143115511;A5 99 C5  
081301648;A4 99 B3  
6Q0809106F;B1099 C3  
6Q0298260A;A6 99 D2  
2114054731;A3 99 J3  
374698151A;A1399 C2  
06A121132;A8 99 G2  
036103011BD;A2199 A1  
1J4853515JB41;B1399 D37 
3271210654;A2299 D12 
6K0711265A;B2099 B7  
3256118172;A5 99 E3  
377399113B;A5 99 E5  
1SB8074159B9;A2499 D1  
1SB8074169B9;A2899 D5  
1T0941699J;A1399 F3  
1JE85760101C;A5999 C4  
5U3837329B;A2699 C6  
5U0803105CTR;B3299 A1  
5Z6845051AH;B8 99 C6  
6Q5945093H;A8399 C10 
04E103383AM;A3099 C4  
04E109244B;A4699 C4  
04E121119C;A1 99 H5  
04E103483H;A3099 B1  
5U4839471A1NN;B1399 D45 
5U6853675739;A1999 D3  
6Q5809605BGRU;C6 99 A1  
01X301127C;A7 99 C3  
5C5807131;A1699 C3  
5U7853121D9B9;B8 99 B3  
1S0867601E82V;B1499 B2  
5U4839016H;A1299 A4  
171711965;A5 99 B1  
377199415F;A1899 E4  
030105101BG;A2299 B5  
1S0253115B;A1799 E4  
8D0253147E;A2 99 I6  
823711641B;A2 99 I3  
085311317;A2599 B1  
5C0501375;A1399 C7  
5N08371119B9;A1 99 H3  
04E121119D;A5 99 F3  
04E253039D;A7 99 A3  
WHT006990;A2 99 C9  
4A0955485;A6 99 D4  
N90643701;A2 99 E7  
058109601C;A2599 C2  
0133112951;A6 99 E3  
377000279D;A2 99 G10 
014311311C;A1 99 F7  
1H0121321C;A1099 C2  
0481210311;A5599 A3  
211411343;A1 99 E7  
2114157412;A2599 E2  
2114056415;A1799 A6  
032103493P;A1999 D2  
032121119J;A6 99 I1  
6Q0407396B;A2 99 H2  
377413107;A2 99 F6  
1S1941016M;A8199 C10 
N9047850101C;A1 99 I10 
377133085C;B2299 B7  
377413175;A8 99 D3  
1J0512131;A2199 D1  
376807335;A2099 B9  
5Z088147871N;A9 99 D3  
305721559A;A2 99 F1  
016311246;A1 99 F8  
0803112491;A7 99 J5  
5X0121293A;A1399 A1  
1S0854820B9B9;A2199 E3  
2113111611;A2399 D4  
2116151411;A2 99 F2  
377819103;B2099 B5  
6Q1820743AF;B2099 E2  
211843642A;A2299 E1  
6Q0857522B;A1499 C3  
6Q0857538AGRU;A5999 C4  
036103493BK;A3499 C1  
5X6827025;B8 99 C3  
1J0919379A;A4 99 G1  
020498085G;A3 99 B5  
377121263A;A1899 E5  
038903119G;A2299 C2  
6N0809966A;A2 99 B3  
5Z0121253A;B7 99 B5  
323863950A;A8 99 D1  
1J0253144G;A2399 D4  
036103384E;A3 99 C5  
7M0919382;A1 99 I10 
1SB121051;A3499 A2  
N91002102;A2 99 G8  
5Z0821142;A1599 F3  
03L130089J;A2899 C11 
N90347103;A1 99 E5  
5Z1820741F;B2099 E5  
5Z0858061MEKL;A5399 D2  
5U0711046B;A1099 E3  
377201219A;A1799 C9  
N0445203;A8 99 B2  
113109449B;A2 99 I2  
113109345A;A2 99 D7  
030103171Q;A1399 C4  
7X0407303;A3499 D1  
5Z9807521UY2;B7 99 A2  
5U0853653BJZA;B5 99 B3  
5U7843871BFA8;B1399 B18 
5Z0853665B9B9;A1299 C9  
N10256402;A2 99 E2  
5C6805932;A1299 A1  
5C6805911;B2699 A1  
5C6805912;B2699 A4  
N01116417;A1 99 G8  
5Z0809961F;B2699 A5  
5Z0809962F;B2699 A14 
5G0886373;A3599 B4  
321881177;A1 99 F4  
04E121119Q;A1 99 G4  
5U0941699;A2799 B8  
5U0853306;B1399 D28 
1SB809605AGRU;C4 99 A1  
06L103085B;A4 99 I2  
N0122951;A2 99 D3  
6Q5845051N;B3199 A1  
N91204001;A2499 B5  
04C129618J;A2299 B7  
5Q0612161B;A1799 D5  
WHT005309;A1 99 C2  
5C68634631BS;B1299 B4  
N10721401;A8 99 B2  
6QE201293;A2299 B8  
373857507C1NN;A5999 B3  
5Z9959776A;A1299 F1  
N91132901;A3 99 F5  
5Z0853687A;A1 99 H4  
030145299H;A8 99 C3  
2114051511;A9 99 A1  
2114013011;A2599 D3  
2114012731;A3799 C5  
305955985.1-2;A1 1  A1  
SD5422-3;A1 1  A1  
SD3118...-3;A1 1  A1  
SD20707-3;A1 1  A1  
SD8095.-3;A1 1  A1  
SD172-5;A1 1  A1  
5U78536659B9;A1999 B6  
6EA061500;A2699 E2  
5U7853666A9B9;A2799 E2  
V04010080T004;A1 1  A1  
6EC845051J;B3199 A1  
2QB201055BJ;A1 1  A1  
5U7807421AB9B9;B9 99 A4  
5U7864842D;B3 99 B2  
5NN854731D9B9;B1499 C1  
1S0035453A;A2899 A8  
6EA087012D;A1299 D2  
6EC071303;A1099 C5  
5U7853422A9LN;A7 99 J5  
5U7853050L9LN;A2 99 G9  
V04010059MP003;A1 1  A1  
5U7853414MMY2;B1299 D11 
6EA121284D;A2599 A2  
2GK845011ENVB;B3199 A1  
6EA867762F82V;B1599 B3  
5Z0071685B;A2699 A8  
5H0853601QDPJ;A5 99 A5  
059117070K;A1399 A4  
5U7853677A9B9;B1199 C7  
5U785376369D;A3499 E4  
5U7853050M9B9;B1299 C12 
5Z0601025APFZZ;B2499 A1  
5U7853050L8KM;A6 99 F4  
5U7853504E9B9;B2999 E3  
V04010057AEB5D;A1 1  A1  
V04010057AEB9A;A1 1  A1  
5U785376469D;A2799 B8  
6EA845298ANVB;A1 1  A1  
V04010057AES3L;A1 1  A1  
6EA845026A;B8 99 B6  
V04010066R;A1 1  A1  
V04010066Q;A1 1  A1  
5NA821429A;A1599 C4  
5NA821141B;A1599 C1  
1JE601025AZ31;B2499 A1  
0AF301230K;A1 1  A1  
V04010026A;A1 1  A1  
6EC061163;B1299 A3  
V04010020;A2999 B9  
5NN845011CCNVB;B3199 A1  
2QB129618G;A3499 C5  
6EC035710;A2799 A2  
V04010037E;A2699 B7  
V04010059DE003;A1 1  A1  
3259717391;A2499 E1  
6EC061500;A7099 B1  
5Z3845022C;B8 99 B6  
5G1064205;A5599 B3  
V04010104A;A2699 B7  
V04010031R;A2699 A7  
AC208-4;A1 1  A1  
AC060-6;A2699 E7  
AC082;A7199 B1  
AC206-4;A1 1  A1  
AC101-4;A1 1  A1  
G055025A2;A2999 D1  
G052385Q0;A6699 A2  
GJZZ107M2BRA;A6699 B7  
G052512S1;A6699 B1  
GJZZ020C2BRA;A2199 A1  
G052527R2;A2999 A3  
GJZZ530Q2BRA;A2199 A2  
HIDROATF;A2199 A1  
VALVOLINE 5W30;A2999 A1  
MOBILSP 5W30;A2199 A1  
HAVOLINE0W20;A3699 E5  
HAVOLINE5W30;A2199 A1  
G052167A4.-1;A2999 E1  
MOBIL 15X1;A2199 A1  
APR601307AERPI;B3099 A1  
V04011009BRRCO;B3099 A1  
APR601307AKRPI;B3099 A1  
2QB601307DRPI;B3099 A1  
2QB601307QRPI;B3099 A1  
APR601307AJRBS;B3099 A1  
APR601307CFRPI;B3099 A1  
APR601307BERBS;B3099 A1  
5Z0601307LRPI;B3099 A1  
2QB601307NRPI;B3099 A1  
2QB601307MRBS;B3099 A1  
V04011009EBRPI;B3099 A1  
2QB601307NRBS;B3099 A1  
5U0601307HRPI;B3099 A1  
5U7601307ERGY;B3099 A1  
APR601307BQRPI;B3099 A1  
V04011009MRCO;B3099 A1  
5QF601307ABRCO;B3099 A1  
5U0601307H;B3099 A1  
5QM601307MRGY;B3099 A1  
V04011009MBRPI;B3099 A1  
V04011009JNRLL;B3099 A1  
V04011009JPRLL;B3099 A1  
V04011009CDRGY;B3099 A1  
2QB601307SRGY;B3099 A1  
2QB601307ACRGY;B3099 A1  
MD1473;B3099 A1  
MD3205;B3099 A1  
MD312;A1 1  A1  
MD7991;B3099 A1  
MD327-1;B3099 A1  
MD2858;B3099 A1  
803;A2999 F3  
778;A2999 D1  
15027;A6699 A1  
16508;A6699 A1  
825;A2999 C2  
D180003M2;A4799 A1  
1000028100;A2999 D3  
1000024250;A2999 C3  
1000 034 550;A3699 D9  
1000 035 501;A3699 E9  
100002212;A2999 D1  